Budget,Impr.,Interactions,Cost,Engagements,Purchase,Clicks,Revenue
39,0,0,0,0,0,0,0
39,0,0,0,0,0,0,0
39,0,0,0,0,0,0,0
39,0,0,0,0,0,0,0
39,0,0,0,0,0,0,0
39,0,0,0,0,0,0,0
39,0,0,0,0,0,0,0
39,0,0,0,0,0,0,0
39,0,0,0,0,0,0,0
39,0,0,0,0,0,0,0
39,0,0,0,0,0,0,0
39,0,0,0,0,0,0,0
39,0,0,0,0,0,0,0
39,0,0,0,0,0,0,0
27.34,0,0,0,0,0,0,0
27.34,0,0,0,0,0,0,0
27.34,0,0,0,0,0,0,0
27.34,0,0,0,0,0,0,0
27.34,0,0,0,0,0,0,0
27.34,0,0,0,0,0,0,0
27.34,0,0,0,0,0,0,0
27.34,0,0,0,0,0,0,0
27.34,0,0,0,0,0,0,0
27.34,0,0,0,0,0,0,0
27.34,0,0,0,0,0,0,0
27.34,0,0,0,0,0,0,0
27.34,0,0,0,0,0,0,0
27.34,0,0,0,0,0,0,0
5.92,181,46,119.26,0,4,46,612
10,0,0,0,0,0,0,0
10,0,0,0,0,0,0,0
10,0,0,0,0,0,0,0
10,0,0,0,0,0,0,0
5.92,0,0,0,0,0,0,0
5.92,0,0,0,0,0,0,0
5.92,156,19,64.97,0,1,19,153
10,0,0,0,0,0,0,0
5.92,0,0,0,0,0,0,0
5.92,0,0,0,0,0,0,0
5.92,0,0,0,0,0,0,0
5.92,0,0,0,0,0,0,0
5.92,0,0,0,0,0,0,0
60.6,0,0,0,0,0,0,0
60.6,0,0,0,0,0,0,0
60.6,0,0,0,0,0,0,0
60.6,0,0,0,0,0,0,0
60.6,0,0,0,0,0,0,0
60.6,0,0,0,0,0,0,0
60.6,0,0,0,0,0,0,0
60.6,0,0,0,0,0,0,0
60.6,0,0,0,0,0,0,0
60.6,0,0,0,0,0,0,0
60.6,0,0,0,0,0,0,0
60.6,0,0,0,0,0,0,0
60.6,0,0,0,0,0,0,0
60.6,0,0,0,0,0,0,0
1316,0,0,0,0,0,0,0
1316,0,0,0,0,0,0,0
1316,0,0,0,0,0,0,0
1316,0,0,0,0,0,0,0
1316,0,0,0,0,0,0,0
1316,0,0,0,0,0,0,0
1316,0,0,0,0,0,0,0
1316,0,0,0,0,0,0,0
1316,0,0,0,0,0,0,0
1316,0,0,0,0,0,0,0
1316,0,0,0,0,0,0,0
1316,0,0,0,0,0,0,0
1316,0,0,0,0,0,0,0
1316,0,0,0,0,0,0,0
5.92,0,0,0,0,0,0,0
10,0,0,0,0,0,0,0
5.92,11,2,13.93,0,0,2,0
10,0,0,0,0,0,0,0
10,0,0,0,0,0,0,0
5.92,0,0,0,0,0,0,0
10,0,0,0,0,0,0,0
5.92,0,0,0,0,0,0,0
5.92,0,0,0,0,0,0,0
10,0,0,0,0,0,0,0
10,0,0,0,0,0,0,0
10,0,0,0,0,0,0,0
10,0,0,0,0,0,0,0
10,0,0,0,0,0,0,0
50,0,0,0,0,0,0,0
50,0,0,0,0,0,0,0
50,0,0,0,0,0,0,0
50,"67,150","3,847",153.37,0,5,"3,847",765
50,0,0,0,0,0,0,0
50,0,0,0,0,0,0,0
50,0,0,0,0,0,0,0
50,0,0,0,0,0,0,0
50,0,0,0,0,0,0,0
50,0,0,0,0,0,0,0
50,"178,038","10,755",450.5,0,0,"10,755",0
50,0,0,0,0,0,0,0
50,0,0,0,0,0,0,0
50,0,0,0,0,0,0,0
40.52,0,0,0,0,0,0,0
40.52,211,48,69.19,0,0,48,0
40.52,19,5,5.59,0,0,5,0
40.52,0,0,0,0,0,0,0
40.52,"1,847",492,1015.36,0,36,492,5508
40.52,"1,076",204,382.14,0,10,204,1530
40.52,"1,107",254,694.26,0,4,254,612
40.52,956,233,346.25,0,4,233,612
40.52,734,157,237.18,0,5,157,765
40.52,0,0,0,0,0,0,0
40.52,0,0,0,0,0,0,0
40.52,0,0,0,0,0,0,0
40.52,"1,502",344,596.53,0,12,344,1836
40.52,865,185,348.05,0,0,185,0
5000,0,0,0,0,0,0,0
10,0,0,0,0,0,0,0
10,0,0,0,0,0,0,0
10,0,0,0,0,0,0,0
10,0,0,0,0,0,0,0
5000,0,0,0,0,0,0,0
10,0,0,0,0,0,0,0
5000,0,0,0,0,0,0,0
5000,0,0,0,0,0,0,0
10,0,0,0,0,0,0,0
5000,0,0,0,0,0,0,0
5000,0,0,0,0,0,0,0
10,0,0,0,0,0,0,0
10,0,0,0,0,0,0,0
100,"457,179","343,259",662.19,"343,259",0,"1,709",0
100,0,0,0,0,0,0,0
100,0,0,0,0,0,0,0
100,0,0,0,0,0,0,0
100,0,0,0,0,0,0,0
100,0,0,0,0,0,0,0
100,0,0,0,0,0,0,0
100,"87,740","54,472",123.49,"54,472",0,381,0
100,0,0,0,0,0,0,0
100,0,0,0,0,0,0,0
100,0,0,0,0,0,0,0
100,0,0,0,0,0,0,0
100,0,0,0,0,0,0,0
100,0,0,0,0,0,0,0
5000,0,0,0,0,0,0,0
10,0,0,0,0,0,0,0
10,0,0,0,0,0,0,0
5000,0,0,0,0,0,0,0
5000,0,0,0,0,0,0,0
10,0,0,0,0,0,0,0
10,0,0,0,0,0,0,0
5000,0,0,0,0,0,0,0
5000,0,0,0,0,0,0,0
5000,0,0,0,0,0,0,0
5000,0,0,0,0,0,0,0
5000,0,0,0,0,0,0,0
10,0,0,0,0,0,0,0
10,0,0,0,0,0,0,0
160,"3,039",569,763.93,0,4.98,569,806.76
160,"5,353","1,057",1222.61,0,15,"1,057",2430
160,"4,610",968,1347.64,0,8,968,1296
160,979,110,237.59,0,3,110,486
160,"5,585","1,120",1235.14,0,18.98,"1,120",3074.76
160,"4,268",884,1093.22,0,14,884,2268
160,"3,806",663,818.41,0,7,663,1134
160,"4,004",831,1118.68,0,9,831,1458
160,"3,561",556,663.84,0,14.64,556,2371.68
160,"4,133",732,860.57,0,11,732,1782
160,"7,799","1,027",1725.65,0,9.96,"1,027",1613.52
160,"3,374",644,1321.72,0,15.5,644,2511
160,"4,235",830,1103.77,0,12.73,830,2062.26
160,"3,456",591,1061.93,0,11.91,591,1929.42
50,28,9,13.14,0,0,9,0
50,31,13,8.96,0,0,13,0
50,36,10,12.11,0,0,10,0
50,12,2,8.03,0,0,2,0
50,66,27,53.59,0,2,27,324
50,24,14,17.82,0,0,14,0
50,42,16,21.81,0,0,16,0
50,75,30,84.8,0,0,30,0
50,15,4,5.01,0,0,4,0
50,31,8,11.76,0,0,8,0
50,22,9,10.21,0,0,9,0
50,25,5,5.05,0,0,5,0
50,23,8,12.41,0,1,8,162
50,34,10,4.96,0,0,10,0
26,0,0,0,0,0,0,0
26,0,0,0,0,0,0,0
26,"8,418",649,61.93,580,0,75,0
26,"583,942","119,672",1849.12,"112,514",2,"9,309",324
26,"93,135","4,290",241.25,"3,026",1,"1,337",162
26,0,0,0,0,0,0,0
26,"223,562","8,879",577.6,"2,637",2,"6,285",324
26,0,0,0,0,0,0,0
26,"79,407","4,802",274.77,"4,202",0,697,0
26,0,0,0,0,0,0,0
26,"14,361",848,39.16,727,0,150,0
26,0,0,0,0,0,0,0
26,0,0,0,0,0,0,0
26,"104,340","3,363",392.07,"2,236",2,"1,173",324
100,0,0,0,0,0,0,0
100,0,0,0,0,0,0,0
100,0,0,0,0,0,0,0
100,0,0,0,0,0,0,0
100,0,0,0,0,0,0,0
100,0,0,0,0,0,0,0
100,0,0,0,0,0,0,0
100,0,0,0,0,0,0,0
100,0,0,0,0,0,0,0
100,0,0,0,0,0,0,0
100,0,0,0,0,0,0,0
100,0,0,0,0,0,0,0
100,0,0,0,0,0,0,0
100,0,0,0,0,0,0,0
300,0,0,0,0,0,0,0
300,0,0,0,0,0,0,0
300,0,0,0,0,0,0,0
300,0,0,0,0,0,0,0
300,0,0,0,0,0,0,0
300,0,0,0,0,0,0,0
300,0,0,0,0,0,0,0
300,0,0,0,0,0,0,0
300,0,0,0,0,0,0,0
300,0,0,0,0,0,0,0
300,0,0,0,0,0,0,0
300,0,0,0,0,0,0,0
300,0,0,0,0,0,0,0
300,0,0,0,0,0,0,0
45,"1,785",188,160.46,0,0,188,0
45,"6,355",836,112.31,0,1,836,162
45,"3,319",277,147.29,0,0.5,277,81
45,"6,326","1,338",204.88,0,0,"1,338",0
45,"6,050",593,140.5,0,3,593,486
45,"2,395",177,60.22,0,1,177,162
45,"3,032",246,58.49,0,1,246,162
45,"4,049",348,163.9,0,2.76,348,447.12
45,"5,195",367,154.35,0,0.05,367,8.1
45,"2,552",191,53.68,0,0,191,0
45,"3,068",125,93.49,0,1,125,162
45,837,72,24.93,0,0,72,0
45,"5,018",505,139.44,0,4.9,505,793.8
45,"5,909","1,248",293.12,0,3,"1,248",486
70,0,0,0,0,0,0,0
70,"7,963","1,307",144.26,0,0.5,"1,307",81
200,"247,404","11,945",503.94,"8,174",1.5,"4,146",243
70,"6,831",530,97.06,0,1.02,530,165.24
200,"241,961","20,190",413.84,"14,721",0,"5,650",0
200,"157,785","5,704",336.78,"2,944",2,"2,907",324
70,0,0,0,0,0,0,0
200,"180,403","3,945",252.15,"1,987",0.22,"1,998",35.64
70,0,0,0,0,0,0,0
200,"251,306","17,230",492.98,"12,029",3.71,"5,605",601.02
70,"1,273",90,23.03,0,0,90,0
200,"277,192","22,141",495.13,"16,186",3,"6,522",486
200,"277,443","16,108",556.29,"7,128",2,"9,163",324
200,"115,872","4,873",197.37,"3,101",4.09,"1,836",662.58
70,0,0,0,0,0,0,0
1500,0,0,0,0,0,0,0
1500,0,0,0,0,0,0,0
1500,0,0,0,0,0,0,0
1500,0,0,0,0,0,0,0
1500,0,0,0,0,0,0,0
1500,0,0,0,0,0,0,0
1500,0,0,0,0,0,0,0
1500,0,0,0,0,0,0,0
1500,0,0,0,0,0,0,0
1500,0,0,0,0,0,0,0
1500,0,0,0,0,0,0,0
1500,0,0,0,0,0,0,0
1500,0,0,0,0,0,0,0
1500,0,0,0,0,0,0,0
200,"215,513","15,070",554.85,"10,340",1,"5,062",162
70,0,0,0,0,0,0,0
200,"255,209","5,145",422.98,"1,139",3.97,"4,031",643.14
70,0,0,0,0,0,0,0
70,"2,949","1,019",132.1,0,0,"1,019",0
70,0,0,0,0,0,0,0
200,"105,286","3,114",243.33,"1,431",1.5,"1,714",243
70,0,0,0,0,0,0,0
70,"9,110","2,159",287.91,0,1,"2,159",162
200,"254,784","21,294",530.02,"16,490",4.5,"5,392",729
200,"56,007","1,163",113.69,266,0,900,0
200,"124,289","3,918",237.27,"1,840",1,"2,115",162
70,0,0,0,0,0,0,0
10,0,0,0,0,0,0,0
10,0,0,0,0,0,0,0
10,0,0,0,0,0,0,0
10,0,0,0,0,0,0,0
10,0,0,0,0,0,0,0
10,0,0,0,0,0,0,0
10,0,0,0,0,0,0,0
10,0,0,0,0,0,0,0
10,0,0,0,0,0,0,0
10,0,0,0,0,0,0,0
10,0,0,0,0,0,0,0
10,0,0,0,0,0,0,0
10,0,0,0,0,0,0,0
2320,0,0,0,0,0,0,0
2320,0,0,0,0,0,0,0
34,0,0,0,0,0,0,0
2320,0,0,0,0,0,0,0
34,0,0,0,0,0,0,0
2320,0,0,0,0,0,0,0
2320,0,0,0,0,0,0,0
2320,0,0,0,0,0,0,0
34,0,0,0,0,0,0,0
2320,0,0,0,0,0,0,0
2320,0,0,0,0,0,0,0
34,0,0,0,0,0,0,0
34,0,0,0,0,0,0,0
10.53,0,0,0,0,0,0,0
60,0,0,0,0,0,0,0
60,0,0,0,0,0,0,0
60,0,0,0,0,0,0,0
10.53,0,0,0,0,0,0,0
60,0,0,0,0,0,0,0
60,0,0,0,0,0,0,0
10.53,0,0,0,0,0,0,0
60,0,0,0,0,0,0,0
60,0,0,0,0,0,0,0
60,0,0,0,0,0,0,0
60,0,0,0,0,0,0,0
10.53,0,0,0,0,0,0,0
60,0,0,0,0,0,0,0
63,0,0,0,0,0,0,0
63,0,0,0,0,0,0,0
63,0,0,0,0,0,0,0
63,0,0,0,0,0,0,0
63,0,0,0,0,0,0,0
63,0,0,0,0,0,0,0
63,0,0,0,0,0,0,0
63,0,0,0,0,0,0,0
63,0,0,0,0,0,0,0
63,0,0,0,0,0,0,0
63,0,0,0,0,0,0,0
63,0,0,0,0,0,0,0
63,0,0,0,0,0,0,0
10,0,0,0,0,0,0,0
10,0,0,0,0,0,0,0
10,0,0,0,0,0,0,0
10,0,0,0,0,0,0,0
10,0,0,0,0,0,0,0
10,0,0,0,0,0,0,0
10,0,0,0,0,0,0,0
10,0,0,0,0,0,0,0
10,0,0,0,0,0,0,0
10,0,0,0,0,0,0,0
10,0,0,0,0,0,0,0
10,0,0,0,0,0,0,0
10,0,0,0,0,0,0,0
10,0,0,0,0,0,0,0
1500,0,0,0,0,0,0,0
60,0,0,0,0,0,0,0
60,0,0,0,0,0,0,0
60,0,0,0,0,0,0,0
60,0,0,0,0,0,0,0
1500,0,0,0,0,0,0,0
15,0,0,0,0,0,0,0
60,0,0,0,0,0,0,0
15,0,0,0,0,0,0,0
60,0,0,0,0,0,0,0
60,0,0,0,0,0,0,0
60,0,0,0,0,0,0,0
60,0,0,0,0,0,0,0
8.06,0,0,0,0,0,0,0
8.06,0,0,0,0,0,0,0
8.06,0,0,0,0,0,0,0
8.06,0,0,0,0,0,0,0
8.06,0,0,0,0,0,0,0
8.06,0,0,0,0,0,0,0
8.06,0,0,0,0,0,0,0
8.06,0,0,0,0,0,0,0
8.06,0,0,0,0,0,0,0
8.06,0,0,0,0,0,0,0
8.06,0,0,0,0,0,0,0
8.06,0,0,0,0,0,0,0
20,0,0,0,0,0,0,0
551.08,0,0,0,0,0,0,0
60,0,0,0,0,0,0,0
60,0,0,0,0,0,0,0
551.08,0,0,0,0,0,0,0
551.08,0,0,0,0,0,0,0
551.08,0,0,0,0,0,0,0
60,0,0,0,0,0,0,0
60,0,0,0,0,0,0,0
551.08,0,0,0,0,0,0,0
20,0,0,0,0,0,0,0
20,0,0,0,0,0,0,0
551.08,0,0,0,0,0,0,0
551.08,0,0,0,0,0,0,0
4.84,0,0,0,0,0,0,0
4.84,0,0,0,0,0,0,0
4.84,0,0,0,0,0,0,0
4.84,0,0,0,0,0,0,0
4.84,0,0,0,0,0,0,0
4.84,0,0,0,0,0,0,0
4.84,0,0,0,0,0,0,0
4.84,0,0,0,0,0,0,0
4.84,0,0,0,0,0,0,0
4.84,0,0,0,0,0,0,0
4.84,0,0,0,0,0,0,0
4.84,0,0,0,0,0,0,0
4.84,0,0,0,0,0,0,0
20,0,0,0,0,0,0,0
20,0,0,0,0,0,0,0
35,0,0,0,0,0,0,0
33,"90,239","22,439",128.84,"22,038",0.12,939,10.8
35,0,0,0,0,0,0,0
33,0,0,0,0,0,0,0
35,0,0,0,0,0,0,0
35,0,0,0,0,0,0,0
35,0,0,0,0,0,0,0
35,0,0,0,0,0,0,0
33,"85,783","2,633",124.26,402,1,"2,236",90
33,"129,145","23,909",225.49,"22,557",0.82,"1,936",73.8
35,0,0,0,0,0,0,0
30,0,0,0,0,0,0,0
453,0,0,0,0,0,0,0
453,0,0,0,0,0,0,0
30,0,0,0,0,0,0,0
30,0,0,0,0,0,0,0
30,0,0,0,0,0,0,0
453,0,0,0,0,0,0,0
30,0,0,0,0,0,0,0
453,0,0,0,0,0,0,0
453,0,0,0,0,0,0,0
453,0,0,0,0,0,0,0
30,0,0,0,0,0,0,0
453,0,0,0,0,0,0,0
34,0,0,0,0,0,0,0
34,0,0,0,0,0,0,0
34,0,0,0,0,0,0,0
34,0,0,0,0,0,0,0
2320,0,0,0,0,0,0,0
34,0,0,0,0,0,0,0
2320,0,0,0,0,0,0,0
2320,0,0,0,0,0,0,0
34,0,0,0,0,0,0,0
2320,0,0,0,0,0,0,0
34,0,0,0,0,0,0,0
34,0,0,0,0,0,0,0
2320,0,0,0,0,0,0,0
34,0,0,0,0,0,0,0
10,0,0,0,0,0,0,0
10,0,0,0,0,0,0,0
10,0,0,0,0,0,0,0
10,0,0,0,0,0,0,0
10,0,0,0,0,0,0,0
10,0,0,0,0,0,0,0
10,0,0,0,0,0,0,0
10,0,0,0,0,0,0,0
10,0,0,0,0,0,0,0
10,0,0,0,0,0,0,0
10,0,0,0,0,0,0,0
10,0,0,0,0,0,0,0
10,0,0,0,0,0,0,0
10,0,0,0,0,0,0,0
2,0,0,0,0,0,0,0
2,0,0,0,0,0,0,0
2,0,0,0,0,0,0,0
2,0,0,0,0,0,0,0
2,0,0,0,0,0,0,0
2,0,0,0,0,0,0,0
2,0,0,0,0,0,0,0
2,0,0,0,0,0,0,0
2,0,0,0,0,0,0,0
2,0,0,0,0,0,0,0
2,0,0,0,0,0,0,0
2,0,0,0,0,0,0,0
2,0,0,0,0,0,0,0
2,0,0,0,0,0,0,0
4,0,0,0,0,0,0,0
4,0,0,0,0,0,0,0
4,0,0,0,0,0,0,0
4,0,0,0,0,0,0,0
4,0,0,0,0,0,0,0
4,0,0,0,0,0,0,0
4,0,0,0,0,0,0,0
4,0,0,0,0,0,0,0
4,0,0,0,0,0,0,0
4,0,0,0,0,0,0,0
4,0,0,0,0,0,0,0
4,0,0,0,0,0,0,0
4,0,0,0,0,0,0,0
4,0,0,0,0,0,0,0
2750,0,0,0,0,0,0,0
2750,0,0,0,0,0,0,0
2750,0,0,0,0,0,0,0
2750,0,0,0,0,0,0,0
2750,0,0,0,0,0,0,0
2750,0,0,0,0,0,0,0
2750,0,0,0,0,0,0,0
2750,0,0,0,0,0,0,0
2750,0,0,0,0,0,0,0
2750,0,0,0,0,0,0,0
2750,0,0,0,0,0,0,0
2750,0,0,0,0,0,0,0
2750,0,0,0,0,0,0,0
15,0,0,0,0,0,0,0
68,0,0,0,0,0,0,0
15,0,0,0,0,0,0,0
68,0,0,0,0,0,0,0
15,0,0,0,0,0,0,0
15,0,0,0,0,0,0,0
15,0,0,0,0,0,0,0
15,0,0,0,0,0,0,0
15,0,0,0,0,0,0,0
68,0,0,0,0,0,0,0
15,0,0,0,0,0,0,0
68,0,0,0,0,0,0,0
15,0,0,0,0,0,0,0
68,0,0,0,0,0,0,0
60,0,0,0,0,0,0,0
727,0,0,0,0,0,0,0
60,0,0,0,0,0,0,0
727,0,0,0,0,0,0,0
60,0,0,0,0,0,0,0
60,0,0,0,0,0,0,0
727,0,0,0,0,0,0,0
727,0,0,0,0,0,0,0
727,0,0,0,0,0,0,0
10,0,0,0,0,0,0,0
10,0,0,0,0,0,0,0
727,0,0,0,0,0,0,0
60,0,0,0,0,0,0,0
60,0,0,0,0,0,0,0
60,0,0,0,0,0,0,0
60,0,0,0,0,0,0,0
60,0,0,0,0,0,0,0
60,0,0,0,0,0,0,0
60,0,0,0,0,0,0,0
60,0,0,0,0,0,0,0
60,0,0,0,0,0,0,0
60,0,0,0,0,0,0,0
60,0,0,0,0,0,0,0
60,0,0,0,0,0,0,0
60,0,0,0,0,0,0,0
60,0,0,0,0,0,0,0
10.53,0,0,0,0,0,0,0
10.53,0,0,0,0,0,0,0
60,0,0,0,0,0,0,0
10.53,0,0,0,0,0,0,0
10.53,0,0,0,0,0,0,0
10.53,0,0,0,0,0,0,0
10.53,0,0,0,0,0,0,0
60,0,0,0,0,0,0,0
60,0,0,0,0,0,0,0
10.53,0,0,0,0,0,0,0
10.53,0,0,0,0,0,0,0
10.53,0,0,0,0,0,0,0
10.53,0,0,0,0,0,0,0
60,0,0,0,0,0,0,0
31,0,0,0,0,0,0,0
31,0,0,0,0,0,0,0
25,0,0,0,0,0,0,0
25,0,0,0,0,0,0,0
31,0,0,0,0,0,0,0
31,0,0,0,0,0,0,0
31,0,0,0,0,0,0,0
31,0,0,0,0,0,0,0
31,0,0,0,0,0,0,0
25,0,0,0,0,0,0,0
31,0,0,0,0,0,0,0
25,0,0,0,0,0,0,0
31,0,0,0,0,0,0,0
40,0,0,0,0,0,0,0
40,0,0,0,0,0,0,0
40,0,0,0,0,0,0,0
40,0,0,0,0,0,0,0
40,0,0,0,0,0,0,0
3,0,0,0,0,0,0,0
3,0,0,0,0,0,0,0
3,0,0,0,0,0,0,0
3,0,0,0,0,0,0,0
40,0,0,0,0,0,0,0
40,0,0,0,0,0,0,0
3,0,0,0,0,0,0,0
40,0,0,0,0,0,0,0
3,0,0,0,0,0,0,0
60,0,0,0,0,0,0,0
60,0,0,0,0,0,0,0
60,0,0,0,0,0,0,0
60,0,0,0,0,0,0,0
60,0,0,0,0,0,0,0
60,0,0,0,0,0,0,0
60,0,0,0,0,0,0,0
60,0,0,0,0,0,0,0
60,0,0,0,0,0,0,0
60,0,0,0,0,0,0,0
60,0,0,0,0,0,0,0
60,0,0,0,0,0,0,0
60,0,0,0,0,0,0,0
4.84,0,0,0,0,0,0,0
15,0,0,0,0,0,0,0
15,0,0,0,0,0,0,0
65,0,0,0,0,0,0,0
65,0,0,0,0,0,0,0
4.84,0,0,0,0,0,0,0
1317,0,0,0,0,0,0,0
15,0,0,0,0,0,0,0
1317,0,0,0,0,0,0,0
15,0,0,0,0,0,0,0
15,0,0,0,0,0,0,0
4.84,0,0,0,0,0,0,0
4.84,0,0,0,0,0,0,0
16,0,0,0,0,0,0,0
16,0,0,0,0,0,0,0
16,0,0,0,0,0,0,0
16,0,0,0,0,0,0,0
16,0,0,0,0,0,0,0
16,0,0,0,0,0,0,0
16,0,0,0,0,0,0,0
16,0,0,0,0,0,0,0
16,0,0,0,0,0,0,0
16,0,0,0,0,0,0,0
16,0,0,0,0,0,0,0
16,0,0,0,0,0,0,0
16,0,0,0,0,0,0,0
1828.36,0,0,0,0,0,0,0
1828.36,0,0,0,0,0,0,0
1828.36,0,0,0,0,0,0,0
1828.36,0,0,0,0,0,0,0
1828.36,0,0,0,0,0,0,0
1828.36,0,0,0,0,0,0,0
1828.36,0,0,0,0,0,0,0
1828.36,0,0,0,0,0,0,0
1828.36,0,0,0,0,0,0,0
1828.36,0,0,0,0,0,0,0
1828.36,0,0,0,0,0,0,0
1828.36,0,0,0,0,0,0,0
63,0,0,0,0,0,0,0
42,0,0,0,0,0,0,0
20,0,0,0,0,0,0,0
4.84,0,0,0,0,0,0,0
20,0,0,0,0,0,0,0
4.84,0,0,0,0,0,0,0
42,0,0,0,0,0,0,0
20,0,0,0,0,0,0,0
4.84,0,0,0,0,0,0,0
42,0,0,0,0,0,0,0
4.84,0,0,0,0,0,0,0
4.84,0,0,0,0,0,0,0
20,0,0,0,0,0,0,0
42,0,0,0,0,0,0,0
35.71,0,0,0,0,0,0,0
10,0,0,0,0,0,0,0
35.71,0,0,0,0,0,0,0
20,0,0,0,0,0,0,0
20,0,0,0,0,0,0,0
35.71,0,0,0,0,0,0,0
35.71,0,0,0,0,0,0,0
10,0,0,0,0,0,0,0
35.71,0,0,0,0,0,0,0
20,0,0,0,0,0,0,0
20,0,0,0,0,0,0,0
20,0,0,0,0,0,0,0
20,0,0,0,0,0,0,0
20,0,0,0,0,0,0,0
3,0,0,0,0,0,0,0
31,0,0,0,0,0,0,0
31,0,0,0,0,0,0,0
10.7,0,0,0,0,0,0,0
10.7,0,0,0,0,0,0,0
31,0,0,0,0,0,0,0
3,0,0,0,0,0,0,0
10.7,0,0,0,0,0,0,0
3,0,0,0,0,0,0,0
10.7,0,0,0,0,0,0,0
10.7,0,0,0,0,0,0,0
3,0,0,0,0,0,0,0
10,0,0,0,0,0,0,0
200,0,0,0,0,0,0,0
200,0,0,0,0,0,0,0
200,0,0,0,0,0,0,0
200,0,0,0,0,0,0,0
200,0,0,0,0,0,0,0
200,0,0,0,0,0,0,0
200,0,0,0,0,0,0,0
200,0,0,0,0,0,0,0
200,0,0,0,0,0,0,0
200,0,0,0,0,0,0,0
200,0,0,0,0,0,0,0
200,0,0,0,0,0,0,0
200,0,0,0,0,0,0,0
2750,0,0,0,0,0,0,0
30,0,0,0,0,0,0,0
30,0,0,0,0,0,0,0
30,0,0,0,0,0,0,0
30,0,0,0,0,0,0,0
30,0,0,0,0,0,0,0
30,0,0,0,0,0,0,0
30,0,0,0,0,0,0,0
30,0,0,0,0,0,0,0
30,0,0,0,0,0,0,0
30,0,0,0,0,0,0,0
30,0,0,0,0,0,0,0
30,0,0,0,0,0,0,0
30,0,0,0,0,0,0,0
65,"3,062",638,327.4,0,0,638,0
65,"3,074","1,010",285.13,0,3.2,"1,010",288
65,"4,715",645,429.65,0,4,645,360
5,0,0,0,0,0,0,0
65,"2,007",697,202.12,0,0,697,0
3,0,0,0,0,0,0,0
3,0,0,0,0,0,0,0
3,0,0,0,0,0,0,0
5,0,0,0,0,0,0,0
65,"2,108",573,327.83,0,4,573,360
3,0,0,0,0,0,0,0
5,0,0,0,0,0,0,0
3,0,0,0,0,0,0,0
3,0,0,0,0,0,0,0
20,0,0,0,0,0,0,0
20,0,0,0,0,0,0,0
20,0,0,0,0,0,0,0
551.08,0,0,0,0,0,0,0
551.08,0,0,0,0,0,0,0
60,0,0,0,0,0,0,0
20,0,0,0,0,0,0,0
551.08,0,0,0,0,0,0,0
20,0,0,0,0,0,0,0
20,0,0,0,0,0,0,0
60,"331,502","89,946",421.44,"89,946",2.97,"3,947",267.3
20,0,0,0,0,0,0,0
551.08,0,0,0,0,0,0,0
8.06,0,0,0,0,0,0,0
8.06,0,0,0,0,0,0,0
60,0,0,0,0,0,0,0
1500,0,0,0,0,0,0,0
60,0,0,0,0,0,0,0
1500,0,0,0,0,0,0,0
1500,0,0,0,0,0,0,0
60,0,0,0,0,0,0,0
1500,0,0,0,0,0,0,0
60,0,0,0,0,0,0,0
15,0,0,0,0,0,0,0
60,0,0,0,0,0,0,0
15,0,0,0,0,0,0,0
15,0,0,0,0,0,0,0
60,0,0,0,0,0,0,0
15,0,0,0,0,0,0,0
4.84,0,0,0,0,0,0,0
60,"436,724","119,745",433.68,"119,741",4,"3,364",360
12,0,0,0,0,0,0,0
15,0,0,0,0,0,0,0
12,0,0,0,0,0,0,0
12,0,0,0,0,0,0,0
63,0,0,0,0,0,0,0
15,0,0,0,0,0,0,0
63,0,0,0,0,0,0,0
15,0,0,0,0,0,0,0
63,0,0,0,0,0,0,0
4,0,0,0,0,0,0,0
4,0,0,0,0,0,0,0
4,0,0,0,0,0,0,0
20,0,0,0,0,0,0,0
35,0,0,0,0,0,0,0
20,0,0,0,0,0,0,0
20,0,0,0,0,0,0,0
35,0,0,0,0,0,0,0
20,0,0,0,0,0,0,0
20,0,0,0,0,0,0,0
33,"149,015","43,116",211.25,"42,709",0,"1,319",0
33,0,0,0,0,0,0,0
35,0,0,0,0,0,0,0
33,0,0,0,0,0,0,0
33,"104,675","19,759",163.01,"18,897",0,"1,260",0
20,0,0,0,0,0,0,0
23,0,0,0,0,0,0,0
23,0,0,0,0,0,0,0
23,0,0,0,0,0,0,0
23,0,0,0,0,0,0,0
23,0,0,0,0,0,0,0
23,0,0,0,0,0,0,0
23,0,0,0,0,0,0,0
23,0,0,0,0,0,0,0
23,0,0,0,0,0,0,0
23,0,0,0,0,0,0,0
23,0,0,0,0,0,0,0
23,0,0,0,0,0,0,0
23,0,0,0,0,0,0,0
23,0,0,0,0,0,0,0
30,0,0,0,0,0,0,0
30,0,0,0,0,0,0,0
453,0,0,0,0,0,0,0
30,0,0,0,0,0,0,0
30,0,0,0,0,0,0,0
30,0,0,0,0,0,0,0
453,0,0,0,0,0,0,0
30,0,0,0,0,0,0,0
453,0,0,0,0,0,0,0
453,0,0,0,0,0,0,0
30,0,0,0,0,0,0,0
453,0,0,0,0,0,0,0
30,0,0,0,0,0,0,0
2320,0,0,0,0,0,0,0
35.71,0,0,0,0,0,0,0
35.71,0,0,0,0,0,0,0
35.71,0,0,0,0,0,0,0
35.71,0,0,0,0,0,0,0
35.71,0,0,0,0,0,0,0
35.71,0,0,0,0,0,0,0
35.71,0,0,0,0,0,0,0
35.71,0,0,0,0,0,0,0
35.71,0,0,0,0,0,0,0
35.71,0,0,0,0,0,0,0
35.71,0,0,0,0,0,0,0
35.71,0,0,0,0,0,0,0
35.71,0,0,0,0,0,0,0
35.71,0,0,0,0,0,0,0
10,0,0,0,0,0,0,0
10,0,0,0,0,0,0,0
10,0,0,0,0,0,0,0
10,0,0,0,0,0,0,0
10,0,0,0,0,0,0,0
10,0,0,0,0,0,0,0
10,0,0,0,0,0,0,0
10,0,0,0,0,0,0,0
10,0,0,0,0,0,0,0
10,0,0,0,0,0,0,0
10,0,0,0,0,0,0,0
10,0,0,0,0,0,0,0
10,0,0,0,0,0,0,0
10,0,0,0,0,0,0,0
200,0,0,0,0,0,0,0
200,0,0,0,0,0,0,0
200,0,0,0,0,0,0,0
200,0,0,0,0,0,0,0
200,0,0,0,0,0,0,0
200,0,0,0,0,0,0,0
200,0,0,0,0,0,0,0
200,0,0,0,0,0,0,0
200,0,0,0,0,0,0,0
200,0,0,0,0,0,0,0
200,0,0,0,0,0,0,0
200,0,0,0,0,0,0,0
200,0,0,0,0,0,0,0
200,0,0,0,0,0,0,0
68,0,0,0,0,0,0,0
15,0,0,0,0,0,0,0
15,0,0,0,0,0,0,0
68,0,0,0,0,0,0,0
68,0,0,0,0,0,0,0
68,0,0,0,0,0,0,0
68,0,0,0,0,0,0,0
15,0,0,0,0,0,0,0
68,0,0,0,0,0,0,0
68,0,0,0,0,0,0,0
68,0,0,0,0,0,0,0
68,0,0,0,0,0,0,0
15,0,0,0,0,0,0,0
10,0,0,0,0,0,0,0
10,0,0,0,0,0,0,0
727,0,0,0,0,0,0,0
10,0,0,0,0,0,0,0
10,0,0,0,0,0,0,0
727,0,0,0,0,0,0,0
10,0,0,0,0,0,0,0
727,0,0,0,0,0,0,0
60,0,0,0,0,0,0,0
60,0,0,0,0,0,0,0
10,0,0,0,0,0,0,0
60,0,0,0,0,0,0,0
727,0,0,0,0,0,0,0
60,0,0,0,0,0,0,0
31,0,0,0,0,0,0,0
25,0,0,0,0,0,0,0
25,0,0,0,0,0,0,0
31,0,0,0,0,0,0,0
25,0,0,0,0,0,0,0
25,0,0,0,0,0,0,0
25,0,0,0,0,0,0,0
25,0,0,0,0,0,0,0
31,0,0,0,0,0,0,0
25,0,0,0,0,0,0,0
25,0,0,0,0,0,0,0
31,0,0,0,0,0,0,0
25,0,0,0,0,0,0,0
25,0,0,0,0,0,0,0
60,0,0,0,0,0,0,0
40,0,0,0,0,0,0,0
40,0,0,0,0,0,0,0
3,0,0,0,0,0,0,0
40,0,0,0,0,0,0,0
3,0,0,0,0,0,0,0
40,0,0,0,0,0,0,0
40,0,0,0,0,0,0,0
40,0,0,0,0,0,0,0
40,0,0,0,0,0,0,0
3,0,0,0,0,0,0,0
40,0,0,0,0,0,0,0
3,0,0,0,0,0,0,0
40,0,0,0,0,0,0,0
40,0,0,0,0,0,0,0
4.84,0,0,0,0,0,0,0
15,0,0,0,0,0,0,0
65,0,0,0,0,0,0,0
1317,0,0,0,0,0,0,0
65,0,0,0,0,0,0,0
4.84,0,0,0,0,0,0,0
4.84,0,0,0,0,0,0,0
1317,0,0,0,0,0,0,0
65,0,0,0,0,0,0,0
1317,0,0,0,0,0,0,0
1317,0,0,0,0,0,0,0
15,0,0,0,0,0,0,0
65,0,0,0,0,0,0,0
16,0,0,0,0,0,0,0
1828.36,0,0,0,0,0,0,0
1828.36,0,0,0,0,0,0,0
42,0,0,0,0,0,0,0
42,0,0,0,0,0,0,0
4.84,0,0,0,0,0,0,0
20,0,0,0,0,0,0,0
42,0,0,0,0,0,0,0
4.84,0,0,0,0,0,0,0
42,0,0,0,0,0,0,0
20,0,0,0,0,0,0,0
42,0,0,0,0,0,0,0
4.84,0,0,0,0,0,0,0
4.84,0,0,0,0,0,0,0
4.84,0,0,0,0,0,0,0
4.84,0,0,0,0,0,0,0
35.71,0,0,0,0,0,0,0
35.71,0,0,0,0,0,0,0
35.71,0,0,0,0,0,0,0
10,0,0,0,0,0,0,0
20,0,0,0,0,0,0,0
20,0,0,0,0,0,0,0
20,0,0,0,0,0,0,0
10,0,0,0,0,0,0,0
10,0,0,0,0,0,0,0
20,0,0,0,0,0,0,0
10,0,0,0,0,0,0,0
35.71,0,0,0,0,0,0,0
10,0,0,0,0,0,0,0
10,0,0,0,0,0,0,0
10.7,0,0,0,0,0,0,0
31,0,0,0,0,0,0,0
3,0,0,0,0,0,0,0
3,0,0,0,0,0,0,0
10.7,0,0,0,0,0,0,0
31,0,0,0,0,0,0,0
3,0,0,0,0,0,0,0
31,0,0,0,0,0,0,0
31,0,0,0,0,0,0,0
10.7,0,0,0,0,0,0,0
31,0,0,0,0,0,0,0
3,0,0,0,0,0,0,0
200,0,0,0,0,0,0,0
30,0,0,0,0,0,0,0
3,0,0,0,0,0,0,0
3,0,0,0,0,0,0,0
5,0,0,0,0,0,0,0
5,0,0,0,0,0,0,0
65,"2,982",787,295.8,0,4,787,360
3,0,0,0,0,0,0,0
65,"3,132",796,342.2,0,6,796,540
65,"2,595",567,318.33,0,6,567,540
5,0,0,0,0,0,0,0
3,0,0,0,0,0,0,0
65,"3,835",793,402.09,0,3,793,270
65,"1,098",307,238.92,0,1,307,90
5,0,0,0,0,0,0,0
3,0,0,0,0,0,0,0
60,"662,408","79,382",308.9,"79,367",0.03,"21,333",2.7
60,0,0,0,0,0,0,0
60,"51,006","14,354",67.18,"14,354",0,593,0
60,0,0,0,0,0,0,0
551.08,0,0,0,0,0,0,0
20,0,0,0,0,0,0,0
60,0,0,0,0,0,0,0
551.08,0,0,0,0,0,0,0
60,0,0,0,0,0,0,0
20,0,0,0,0,0,0,0
60,0,0,0,0,0,0,0
551.08,0,0,0,0,0,0,0
20,0,0,0,0,0,0,0
60,0,0,0,0,0,0,0
60,0,0,0,0,0,0,0
1500,0,0,0,0,0,0,0
60,0,0,0,0,0,0,0
15,0,0,0,0,0,0,0
15,0,0,0,0,0,0,0
15,0,0,0,0,0,0,0
1500,0,0,0,0,0,0,0
1500,0,0,0,0,0,0,0
60,0,0,0,0,0,0,0
60,0,0,0,0,0,0,0
60,0,0,0,0,0,0,0
1500,0,0,0,0,0,0,0
12,0,0,0,0,0,0,0
63,0,0,0,0,0,0,0
63,0,0,0,0,0,0,0
4,0,0,0,0,0,0,0
63,0,0,0,0,0,0,0
15,0,0,0,0,0,0,0
15,0,0,0,0,0,0,0
4,0,0,0,0,0,0,0
60,"394,202","123,200",412.28,"123,199",4,"2,900",360
60,"438,612","105,167",440.74,"105,110",4.98,"4,654",448.2
12,0,0,0,0,0,0,0
60,"404,024","85,537",314.83,"85,427",2.02,"4,684",181.8
15,0,0,0,0,0,0,0
453,0,0,0,0,0,0,0
453,0,0,0,0,0,0,0
20,0,0,0,0,0,0,0
33,"242,469","49,935",334.1,"49,108",1.76,"2,783",158.4
35,0,0,0,0,0,0,0
20,0,0,0,0,0,0,0
35,0,0,0,0,0,0,0
33,0,0,0,0,0,0,0
33,"159,666","42,085",218.37,"39,330",1,"3,153",90
33,0,0,0,0,0,0,0
20,0,0,0,0,0,0,0
20,0,0,0,0,0,0,0
20,0,0,0,0,0,0,0
33,"198,831","48,092",240.46,"47,519",1,"2,315",90
35,0,0,0,0,0,0,0
15,0,0,0,0,0,0,0
10,0,0,0,0,0,0,0
10,0,0,0,0,0,0,0
10,0,0,0,0,0,0,0
10,0,0,0,0,0,0,0
10,0,0,0,0,0,0,0
60,0,0,0,0,0,0,0
60,0,0,0,0,0,0,0
60,0,0,0,0,0,0,0
60,0,0,0,0,0,0,0
727,0,0,0,0,0,0,0
10,0,0,0,0,0,0,0
727,0,0,0,0,0,0,0
727,0,0,0,0,0,0,0
31,0,0,0,0,0,0,0
40,0,0,0,0,0,0,0
3,0,0,0,0,0,0,0
40,0,0,0,0,0,0,0
40,0,0,0,0,0,0,0
3,0,0,0,0,0,0,0
3,0,0,0,0,0,0,0
40,0,0,0,0,0,0,0
40,0,0,0,0,0,0,0
40,0,0,0,0,0,0,0
40,0,0,0,0,0,0,0
40,0,0,0,0,0,0,0
40,0,0,0,0,0,0,0
3,0,0,0,0,0,0,0
40,0,0,0,0,0,0,0
4.84,0,0,0,0,0,0,0
20,0,0,0,0,0,0,0
20,0,0,0,0,0,0,0
20,0,0,0,0,0,0,0
42,0,0,0,0,0,0,0
20,0,0,0,0,0,0,0
42,0,0,0,0,0,0,0
20,0,0,0,0,0,0,0
42,0,0,0,0,0,0,0
4.84,0,0,0,0,0,0,0
42,0,0,0,0,0,0,0
4.84,0,0,0,0,0,0,0
20,0,0,0,0,0,0,0
35.71,0,0,0,0,0,0,0
10,0,0,0,0,0,0,0
20,0,0,0,0,0,0,0
20,0,0,0,0,0,0,0
35.71,0,0,0,0,0,0,0
10,0,0,0,0,0,0,0
10,0,0,0,0,0,0,0
20,0,0,0,0,0,0,0
10,0,0,0,0,0,0,0
10,0,0,0,0,0,0,0
35.71,0,0,0,0,0,0,0
35.71,0,0,0,0,0,0,0
35.71,0,0,0,0,0,0,0
10,0,0,0,0,0,0,0
4.84,0,0,0,0,0,0,0
65,0,0,0,0,0,0,0
65,0,0,0,0,0,0,0
1317,0,0,0,0,0,0,0
65,0,0,0,0,0,0,0
4.84,0,0,0,0,0,0,0
15,0,0,0,0,0,0,0
15,0,0,0,0,0,0,0
1317,0,0,0,0,0,0,0
4.84,0,0,0,0,0,0,0
1317,0,0,0,0,0,0,0
1317,0,0,0,0,0,0,0
65,0,0,0,0,0,0,0
3,0,0,0,0,0,0,0
3,0,0,0,0,0,0,0
31,0,0,0,0,0,0,0
31,0,0,0,0,0,0,0
10.7,0,0,0,0,0,0,0
31,0,0,0,0,0,0,0
31,0,0,0,0,0,0,0
3,0,0,0,0,0,0,0
10.7,0,0,0,0,0,0,0
10.7,0,0,0,0,0,0,0
31,0,0,0,0,0,0,0
3,0,0,0,0,0,0,0
5,0,0,0,0,0,0,0
65,710,117,89.68,0,0,117,0
65,"1,981",561,237.76,0,2,561,180
5,0,0,0,0,0,0,0
5,0,0,0,0,0,0,0
5,0,0,0,0,0,0,0
65,"3,353","1,153",294.64,0,3,"1,153",270
5,0,0,0,0,0,0,0
3,0,0,0,0,0,0,0
3,0,0,0,0,0,0,0
65,"2,720",546,263.19,0,4,546,360
5,0,0,0,0,0,0,0
5,0,0,0,0,0,0,0
3,0,0,0,0,0,0,0
60,0,0,0,0,0,0,0
1500,0,0,0,0,0,0,0
15,0,0,0,0,0,0,0
1500,0,0,0,0,0,0,0
60,0,0,0,0,0,0,0
1500,0,0,0,0,0,0,0
15,0,0,0,0,0,0,0
15,0,0,0,0,0,0,0
1500,0,0,0,0,0,0,0
15,0,0,0,0,0,0,0
60,0,0,0,0,0,0,0
60,0,0,0,0,0,0,0
60,0,0,0,0,0,0,0
15,0,0,0,0,0,0,0
60,"251,379","59,778",215.77,"59,743",1,"2,975",90
60,"446,870","167,486",512.75,"167,473",1.74,"3,911",156.6
4,0,0,0,0,0,0,0
15,0,0,0,0,0,0,0
15,0,0,0,0,0,0,0
12,0,0,0,0,0,0,0
12,0,0,0,0,0,0,0
60,"400,490","114,244",438.32,"114,233",3.63,"3,715",326.7
4,0,0,0,0,0,0,0
63,0,0,0,0,0,0,0
63,0,0,0,0,0,0,0
60,"420,548","159,646",520.07,"159,644",5.76,"3,352",518.4
20,0,0,0,0,0,0,0
35,0,0,0,0,0,0,0
33,"155,661","20,211",196.37,"18,531",2.82,"2,120",253.8
60,0,0,0,0,0,0,0
60,0,0,0,0,0,0,0
727,0,0,0,0,0,0,0
42,0,0,0,0,0,0,0
20,0,0,0,0,0,0,0
20,0,0,0,0,0,0,0
15,0,0,0,0,0,0,0
65,0,0,0,0,0,0,0
1317,0,0,0,0,0,0,0
4.84,0,0,0,0,0,0,0
65,0,0,0,0,0,0,0
4.84,0,0,0,0,0,0,0
15,0,0,0,0,0,0,0
4.84,0,0,0,0,0,0,0
1317,0,0,0,0,0,0,0
4.84,0,0,0,0,0,0,0
1317,0,0,0,0,0,0,0
65,0,0,0,0,0,0,0
15,0,0,0,0,0,0,0
31,0,0,0,0,0,0,0
10.7,0,0,0,0,0,0,0
3,0,0,0,0,0,0,0
3,0,0,0,0,0,0,0
10.7,0,0,0,0,0,0,0
10.7,0,0,0,0,0,0,0
60,0,0,0,0,0,0,0
15,0,0,0,0,0,0,0
60,0,0,0,0,0,0,0
20,0,0,0,0,0,0,0
60,0,0,0,0,0,0,0
15,0,0,0,0,0,0,0
15,0,0,0,0,0,0,0
63,0,0,0,0,0,0,0
12,0,0,0,0,0,0,0
63,0,0,0,0,0,0,0
63,0,0,0,0,0,0,0
60,"426,092","131,462",479.76,"131,461",1.18,"2,945",106.2
12,0,0,0,0,0,0,0
12,0,0,0,0,0,0,0
4,0,0,0,0,0,0,0
12,0,0,0,0,0,0,0
12,0,0,0,0,0,0,0
60,"271,615","97,755",248.15,"97,751",1.85,"1,962",166.5
1317,0,0,0,0,0,0,0
65,0,0,0,0,0,0,0
15,0,0,0,0,0,0,0
15,0,0,0,0,0,0,0
12,0,0,0,0,0,0,0
63,0,0,0,0,0,0,0
63,0,0,0,0,0,0,0
4,0,0,0,0,0,0,0
4,0,0,0,0,0,0,0
4,0,0,0,0,0,0,0
15,0,0,0,0,0,0,0
15,0,0,0,0,0,0,0
60,"429,618","136,802",406.95,"135,670",2.77,"4,258",249.3
4,0,0,0,0,0,0,0
12,0,0,0,0,0,0,0
4,0,0,0,0,0,0,0
4,0,0,0,0,0,0,0
60,"54,939","17,092",59.55,"17,092",0,450,0
60,"224,241","73,281",269.26,"72,844",2.93,"2,196",263.7
15,0,0,0,0,0,0,0
60,"317,035","77,833",333.59,"77,792",4.55,"3,327",409.5
63,0,0,0,0,0,0,0
338.71,0,0,0,0,0,0,0
338.71,0,0,0,0,0,0,0
338.71,0,0,0,0,0,0,0
338.71,0,0,0,0,0,0,0
338.71,0,0,0,0,0,0,0
338.71,0,0,0,0,0,0,0
338.71,0,0,0,0,0,0,0
338.71,0,0,0,0,0,0,0
338.71,0,0,0,0,0,0,0
338.71,0,0,0,0,0,0,0
338.71,0,0,0,0,0,0,0
338.71,0,0,0,0,0,0,0
338.71,0,0,0,0,0,0,0
35,0,0,0,0,0,0,0
35,0,0,0,0,0,0,0
35,0,0,0,0,0,0,0
35,0,0,0,0,0,0,0
35,0,0,0,0,0,0,0
35,0,0,0,0,0,0,0
35,0,0,0,0,0,0,0
35,0,0,0,0,0,0,0
35,0,0,0,0,0,0,0
35,0,0,0,0,0,0,0
35,0,0,0,0,0,0,0
35,0,0,0,0,0,0,0
35,0,0,0,0,0,0,0
35,0,0,0,0,0,0,0
338.71,0,0,0,0,0,0,0
20,514,46,48.97,0,0,46,0
59.99,0,0,0,0,0,0,0
20,387,48,44.39,0,0,48,0
59.99,0,0,0,0,0,0,0
46.14,0,0,0,0,0,0,0
46.14,0,0,0,0,0,0,0
59.99,0,0,0,0,0,0,0
59.99,0,0,0,0,0,0,0
20,0,0,0,0,0,0,0
46.14,0,0,0,0,0,0,0
20,0,0,0,0,0,0,0
59.99,0,0,0,0,0,0,0
46.14,0,0,0,0,0,0,0
20,0,0,0,0,0,0,0
10,0,0,0,0,0,0,0
10,0,0,0,0,0,0,0
10,0,0,0,0,0,0,0
10,0,0,0,0,0,0,0
10,0,0,0,0,0,0,0
10,0,0,0,0,0,0,0
10,0,0,0,0,0,0,0
10,0,0,0,0,0,0,0
10,0,0,0,0,0,0,0
10,0,0,0,0,0,0,0
10,0,0,0,0,0,0,0
10,0,0,0,0,0,0,0
10,0,0,0,0,0,0,0
10,0,0,0,0,0,0,0
9,0,0,0,0,0,0,0
9,0,0,0,0,0,0,0
9,0,0,0,0,0,0,0
9,0,0,0,0,0,0,0
9,0,0,0,0,0,0,0
9,0,0,0,0,0,0,0
9,0,0,0,0,0,0,0
9,0,0,0,0,0,0,0
9,0,0,0,0,0,0,0
9,0,0,0,0,0,0,0
9,0,0,0,0,0,0,0
9,0,0,0,0,0,0,0
9,0,0,0,0,0,0,0
9,0,0,0,0,0,0,0
38.7,0,0,0,0,0,0,0
24.31,0,0,0,0,0,0,0
24.31,0,0,0,0,0,0,0
38.7,0,0,0,0,0,0,0
1200,0,0,0,0,0,0,0
24.31,0,0,0,0,0,0,0
38.7,0,0,0,0,0,0,0
38.7,0,0,0,0,0,0,0
24.31,0,0,0,0,0,0,0
24.31,0,0,0,0,0,0,0
24.31,0,0,0,0,0,0,0
38.7,0,0,0,0,0,0,0
38.7,0,0,0,0,0,0,0
1200,0,0,0,0,0,0,0
46.14,0,0,0,0,0,0,0
20,577,65,56.4,0,0,65,0
59.99,0,0,0,0,0,0,0
59.99,0,0,0,0,0,0,0
46.14,0,0,0,0,0,0,0
59.99,0,0,0,0,0,0,0
20,295,28,25.04,0,0,28,0
46.14,0,0,0,0,0,0,0
20,465,52,86.18,0,0,52,0
59.99,0,0,0,0,0,0,0
59.99,0,0,0,0,0,0,0
46.14,0,0,0,0,0,0,0
46.14,0,0,0,0,0,0,0
46.14,0,0,0,0,0,0,0
30,0,0,0,0,0,0,0
10,0,0,0,0,0,0,0
30,0,0,0,0,0,0,0
30,0,0,0,0,0,0,0
10,0,0,0,0,0,0,0
10,0,0,0,0,0,0,0
30,0,0,0,0,0,0,0
30,0,0,0,0,0,0,0
10,0,0,0,0,0,0,0
10,0,0,0,0,0,0,0
30,0,0,0,0,0,0,0
30,0,0,0,0,0,0,0
10,0,0,0,0,0,0,0
30,0,0,0,0,0,0,0
10,0,0,0,0,0,0,0
18,0,0,0,0,0,0,0
18,0,0,0,0,0,0,0
20,0,0,0,0,0,0,0
18,0,0,0,0,0,0,0
18,0,0,0,0,0,0,0
20,0,0,0,0,0,0,0
18,0,0,0,0,0,0,0
18,0,0,0,0,0,0,0
20,0,0,0,0,0,0,0
18,0,0,0,0,0,0,0
20,0,0,0,0,0,0,0
20,0,0,0,0,0,0,0
20,0,0,0,0,0,0,0
18,0,0,0,0,0,0,0
1200,0,0,0,0,0,0,0
1200,0,0,0,0,0,0,0
24.31,0,0,0,0,0,0,0
24.31,0,0,0,0,0,0,0
1200,0,0,0,0,0,0,0
24.31,0,0,0,0,0,0,0
24.31,0,0,0,0,0,0,0
1200,0,0,0,0,0,0,0
1200,0,0,0,0,0,0,0
1200,0,0,0,0,0,0,0
38.7,0,0,0,0,0,0,0
1200,0,0,0,0,0,0,0
38.7,0,0,0,0,0,0,0
1200,0,0,0,0,0,0,0
1200,0,0,0,0,0,0,0
1200,0,0,0,0,0,0,0
1200,0,0,0,0,0,0,0
1200,0,0,0,0,0,0,0
34,270,18,22.31,0,0,18,0
34,0,0,0,0,0,0,0
1200,0,0,0,0,0,0,0
34,0,0,0,0,0,0,0
1200,0,0,0,0,0,0,0
34,0,0,0,0,0,0,0
34,0,0,0,0,0,0,0
34,0,0,0,0,0,0,0
1200,0,0,0,0,0,0,0
34,0,0,0,0,0,0,0
20,0,0,0,0,0,0,0
20,0,0,0,0,0,0,0
59.99,0,0,0,0,0,0,0
46.14,0,0,0,0,0,0,0
20,517,44,40.27,0,0,44,0
46.14,0,0,0,0,0,0,0
59.99,0,0,0,0,0,0,0
20,0,0,0,0,0,0,0
20,0,0,0,0,0,0,0
20,0,0,0,0,0,0,0
46.14,0,0,0,0,0,0,0
46.14,0,0,0,0,0,0,0
59.99,0,0,0,0,0,0,0
59.99,0,0,0,0,0,0,0
16.13,0,0,0,0,0,0,0
16.13,0,0,0,0,0,0,0
16.13,0,0,0,0,0,0,0
16.13,0,0,0,0,0,0,0
16.13,0,0,0,0,0,0,0
16.13,0,0,0,0,0,0,0
16.13,0,0,0,0,0,0,0
16.13,0,0,0,0,0,0,0
16.13,0,0,0,0,0,0,0
16.13,0,0,0,0,0,0,0
16.13,0,0,0,0,0,0,0
16.13,0,0,0,0,0,0,0
16.13,0,0,0,0,0,0,0
16.13,0,0,0,0,0,0,0
113,0,0,0,0,0,0,0
113,0,0,0,0,0,0,0
113,0,0,0,0,0,0,0
113,0,0,0,0,0,0,0
113,0,0,0,0,0,0,0
20,0,0,0,0,0,0,0
113,0,0,0,0,0,0,0
20,0,0,0,0,0,0,0
20,0,0,0,0,0,0,0
113,0,0,0,0,0,0,0
20,0,0,0,0,0,0,0
20,0,0,0,0,0,0,0
20,0,0,0,0,0,0,0
20,0,0,0,0,0,0,0
10,0,0,0,0,0,0,0
30,0,0,0,0,0,0,0
30,0,0,0,0,0,0,0
10,0,0,0,0,0,0,0
10,0,0,0,0,0,0,0
10,0,0,0,0,0,0,0
30,0,0,0,0,0,0,0
30,0,0,0,0,0,0,0
10,0,0,0,0,0,0,0
30,0,0,0,0,0,0,0
30,0,0,0,0,0,0,0
10,0,0,0,0,0,0,0
10,0,0,0,0,0,0,0
22.13,0,0,0,0,0,0,0
7.14,0,0,0,0,0,0,0
22.13,0,0,0,0,0,0,0
50,184,7,2.57,0,0,7,0
2354,0,0,0,0,0,0,0
30,0,0,0,0,0,0,0
2354,0,0,0,0,0,0,0
50,347,20,8.74,0,0,20,0
22.13,0,0,0,0,0,0,0
22.13,0,0,0,0,0,0,0
50,371,16,6.88,0,0,16,0
7.14,0,0,0,0,0,0,0
30,0,0,0,0,0,0,0
7.14,0,0,0,0,0,0,0
30,0,0,0,0,0,0,0
30,0,0,0,0,0,0,0
30,0,0,0,0,0,0,0
30,0,0,0,0,0,0,0
30,0,0,0,0,0,0,0
30,0,0,0,0,0,0,0
30,0,0,0,0,0,0,0
30,0,0,0,0,0,0,0
30,0,0,0,0,0,0,0
30,0,0,0,0,0,0,0
30,0,0,0,0,0,0,0
30,0,0,0,0,0,0,0
30,0,0,0,0,0,0,0
30,0,0,0,0,0,0,0
10,0,0,0,0,0,0,0
10,0,0,0,0,0,0,0
10,0,0,0,0,0,0,0
10,0,0,0,0,0,0,0
10,0,0,0,0,0,0,0
10,0,0,0,0,0,0,0
10,0,0,0,0,0,0,0
10,0,0,0,0,0,0,0
10,0,0,0,0,0,0,0
10,0,0,0,0,0,0,0
10,0,0,0,0,0,0,0
10,0,0,0,0,0,0,0
10,0,0,0,0,0,0,0
10,0,0,0,0,0,0,0
20,0,0,0,0,0,0,0
20,0,0,0,0,0,0,0
20,0,0,0,0,0,0,0
113,0,0,0,0,0,0,0
113,0,0,0,0,0,0,0
113,0,0,0,0,0,0,0
113,0,0,0,0,0,0,0
20,0,0,0,0,0,0,0
20,0,0,0,0,0,0,0
113,0,0,0,0,0,0,0
113,0,0,0,0,0,0,0
20,0,0,0,0,0,0,0
20,0,0,0,0,0,0,0
113,0,0,0,0,0,0,0
20,0,0,0,0,0,0,0
20,0,0,0,0,0,0,0
18,0,0,0,0,0,0,0
18,0,0,0,0,0,0,0
20,0,0,0,0,0,0,0
20,0,0,0,0,0,0,0
18,0,0,0,0,0,0,0
20,0,0,0,0,0,0,0
20,0,0,0,0,0,0,0
20,0,0,0,0,0,0,0
18,0,0,0,0,0,0,0
18,0,0,0,0,0,0,0
18,0,0,0,0,0,0,0
20,0,0,0,0,0,0,0
110,0,0,0,0,0,0,0
110,0,0,0,0,0,0,0
55.33,0,0,0,0,0,0,0
55.33,0,0,0,0,0,0,0
110,0,0,0,0,0,0,0
55.33,0,0,0,0,0,0,0
55.33,0,0,0,0,0,0,0
55.33,0,0,0,0,0,0,0
58,0,0,0,0,0,0,0
55.33,0,0,0,0,0,0,0
55.33,0,0,0,0,0,0,0
110,0,0,0,0,0,0,0
58,0,0,0,0,0,0,0
55.33,0,0,0,0,0,0,0
38.7,0,0,0,0,0,0,0
38.7,0,0,0,0,0,0,0
1200,0,0,0,0,0,0,0
24.31,0,0,0,0,0,0,0
24.31,0,0,0,0,0,0,0
1200,0,0,0,0,0,0,0
24.31,0,0,0,0,0,0,0
38.7,0,0,0,0,0,0,0
38.7,0,0,0,0,0,0,0
38.7,0,0,0,0,0,0,0
24.31,0,0,0,0,0,0,0
1200,0,0,0,0,0,0,0
1200,0,0,0,0,0,0,0
38.7,0,0,0,0,0,0,0
30.87,0,0,0,0,0,0,0
20,91,29,13.05,0,0,29,0
20,89,28,9.45,0,0,28,0
30.87,0,0,0,0,0,0,0
1000,0,0,0,0,0,0,0
1000,0,0,0,0,0,0,0
30.87,0,0,0,0,0,0,0
20,30,12,5.42,0,1,12,108
30.87,0,0,0,0,0,0,0
20,64,16,7.97,0,0,16,0
30.87,0,0,0,0,0,0,0
1000,0,0,0,0,0,0,0
1000,0,0,0,0,0,0,0
30.87,0,0,0,0,0,0,0
30,0,0,0,0,0,0,0
30,0,0,0,0,0,0,0
30,0,0,0,0,0,0,0
30,0,0,0,0,0,0,0
30,0,0,0,0,0,0,0
30,0,0,0,0,0,0,0
30,0,0,0,0,0,0,0
30,0,0,0,0,0,0,0
30,0,0,0,0,0,0,0
30,0,0,0,0,0,0,0
30,0,0,0,0,0,0,0
30,0,0,0,0,0,0,0
30,0,0,0,0,0,0,0
30,0,0,0,0,0,0,0
30,0,0,0,0,0,0,0
34,262,23,20.07,0,0,23,0
1200,0,0,0,0,0,0,0
34,0,0,0,0,0,0,0
1200,0,0,0,0,0,0,0
34,456,28,22.41,0,0,28,0
1200,0,0,0,0,0,0,0
1200,0,0,0,0,0,0,0
34,0,0,0,0,0,0,0
34,361,26,55.15,0,1,26,108
34,464,32,27.51,0,0,32,0
34,314,28,26.43,0,0,28,0
1200,0,0,0,0,0,0,0
1200,0,0,0,0,0,0,0
1200,0,0,0,0,0,0,0
100,"1,024",292,199.81,0,0,292,0
40,0,0,0,0,0,0,0
40,0,0,0,0,0,0,0
30,0,0,0,0,0,0,0
100,"1,277",241,136.6,0,3.67,241,396.36
30,0,0,0,0,0,0,0
30,0,0,0,0,0,0,0
100,"1,311",213,120.35,0,2,213,216
40,0,0,0,0,0,0,0
100,"1,306",324,320.04,0,5,324,540
40,0,0,0,0,0,0,0
30,0,0,0,0,0,0,0
40,0,0,0,0,0,0,0
100,368,42,24.99,0,0,42,0
7.14,0,0,0,0,0,0,0
2354,0,0,0,0,0,0,0
50,361,29,14.07,0,0,29,0
2354,0,0,0,0,0,0,0
22.13,0,0,0,0,0,0,0
22.13,0,0,0,0,0,0,0
2354,0,0,0,0,0,0,0
7.14,0,0,0,0,0,0,0
22.13,0,0,0,0,0,0,0
22.13,0,0,0,0,0,0,0
2354,0,0,0,0,0,0,0
50,283,11,9.69,0,0,11,0
30,0,0,0,0,0,0,0
7.14,0,0,0,0,0,0,0
58,0,0,0,0,0,0,0
110,0,0,0,0,0,0,0
55.33,0,0,0,0,0,0,0
110,0,0,0,0,0,0,0
58,0,0,0,0,0,0,0
110,0,0,0,0,0,0,0
58,0,0,0,0,0,0,0
58,0,0,0,0,0,0,0
58,0,0,0,0,0,0,0
110,0,0,0,0,0,0,0
55.33,0,0,0,0,0,0,0
110,0,0,0,0,0,0,0
55.33,0,0,0,0,0,0,0
110,0,0,0,0,0,0,0
1000,0,0,0,0,0,0,0
30.87,0,0,0,0,0,0,0
30.87,0,0,0,0,0,0,0
20,90,35,14.93,0,2,35,216
1000,0,0,0,0,0,0,0
1000,0,0,0,0,0,0,0
1000,0,0,0,0,0,0,0
20,74,22,30.7,0,0,22,0
20,111,26,11.18,0,1,26,108
20,104,28,11.87,0,1,28,108
1000,0,0,0,0,0,0,0
30.87,0,0,0,0,0,0,0
30.87,0,0,0,0,0,0,0
1000,0,0,0,0,0,0,0
100,809,244,138.06,0,2,244,216
40,0,0,0,0,0,0,0
40,0,0,0,0,0,0,0
40,0,0,0,0,0,0,0
40,0,0,0,0,0,0,0
40,0,0,0,0,0,0,0
30,0,0,0,0,0,0,0
40,0,0,0,0,0,0,0
30,0,0,0,0,0,0,0
40,0,0,0,0,0,0,0
30,0,0,0,0,0,0,0
30,0,0,0,0,0,0,0
30,0,0,0,0,0,0,0
30,0,0,0,0,0,0,0
100,"1,271",191,111.6,0,2.5,191,270
30,0,0,0,0,0,0,0
50,123,15,6.6,0,1,15,108
50,"1,041",83,39.81,0,0,83,0
2354,0,0,0,0,0,0,0
7.14,0,0,0,0,0,0,0
7.14,0,0,0,0,0,0,0
30,0,0,0,0,0,0,0
30,0,0,0,0,0,0,0
30,0,0,0,0,0,0,0
2354,0,0,0,0,0,0,0
30,0,0,0,0,0,0,0
30,0,0,0,0,0,0,0
2354,0,0,0,0,0,0,0
30,0,0,0,0,0,0,0
22.13,0,0,0,0,0,0,0
30,0,0,0,0,0,0,0
30,0,0,0,0,0,0,0
30,0,0,0,0,0,0,0
30,0,0,0,0,0,0,0
30,0,0,0,0,0,0,0
30,0,0,0,0,0,0,0
30,0,0,0,0,0,0,0
30,0,0,0,0,0,0,0
30,0,0,0,0,0,0,0
30,0,0,0,0,0,0,0
30,0,0,0,0,0,0,0
30,0,0,0,0,0,0,0
30,0,0,0,0,0,0,0
110,0,0,0,0,0,0,0
58,0,0,0,0,0,0,0
110,0,0,0,0,0,0,0
58,0,0,0,0,0,0,0
58,0,0,0,0,0,0,0
55.33,0,0,0,0,0,0,0
110,0,0,0,0,0,0,0
58,0,0,0,0,0,0,0
58,0,0,0,0,0,0,0
55.33,0,0,0,0,0,0,0
55.33,0,0,0,0,0,0,0
58,0,0,0,0,0,0,0
110,0,0,0,0,0,0,0
58,0,0,0,0,0,0,0
1000,0,0,0,0,0,0,0
1000,0,0,0,0,0,0,0
20,149,39,13.82,0,4,39,432
1000,0,0,0,0,0,0,0
30.87,0,0,0,0,0,0,0
30.87,0,0,0,0,0,0,0
20,54,16,13.77,0,0,16,0
20,85,34,14.96,0,1.83,34,197.64
30.87,0,0,0,0,0,0,0
20,109,21,8.65,0,0.5,21,54
1000,0,0,0,0,0,0,0
30.87,0,0,0,0,0,0,0
20,72,22,11.68,0,0,22,0
20,111,32,10.64,0,0,32,0
100,474,106,61.23,0,1,106,108
40,0,0,0,0,0,0,0
30,0,0,0,0,0,0,0
100,973,157,85.88,0,0,157,0
100,960,206,119.24,0,1,206,108
30,0,0,0,0,0,0,0
30,0,0,0,0,0,0,0
100,"1,141",201,113.86,0,4,201,432
30,0,0,0,0,0,0,0
40,0,0,0,0,0,0,0
100,"1,231",208,123.42,0,1.5,208,162
100,920,230,140.33,0,0,230,0
100,"1,418",296,159.43,0,2,296,216
22.13,0,0,0,0,0,0,0
30,0,0,0,0,0,0,0
2354,0,0,0,0,0,0,0
50,292,12,2.96,0,0,12,0
7.14,0,0,0,0,0,0,0
50,561,53,25.07,0,0,53,0
50,267,7,2.27,0,1,7,108
22.13,0,0,0,0,0,0,0
30,0,0,0,0,0,0,0
2354,0,0,0,0,0,0,0
2354,0,0,0,0,0,0,0
2354,0,0,0,0,0,0,0
30,0,0,0,0,0,0,0
2354,0,0,0,0,0,0,0
7.14,0,0,0,0,0,0,0
22.13,0,0,0,0,0,0,0
50,258,9,2.19,0,0,9,0
30,0,0,0,0,0,0,0
50,705,60,25.9,0,2.5,60,270
7.14,0,0,0,0,0,0,0
22.13,0,0,0,0,0,0,0
22.13,0,0,0,0,0,0,0
7.14,0,0,0,0,0,0,0
7.14,0,0,0,0,0,0,0
50,321,13,6.72,0,0,13,0
50,335,26,10.98,0,0.51,26,55.08
7.14,0,0,0,0,0,0,0
30,"365,439","152,308",220.66,"152,308",0,373,0
338.71,0,0,0,0,0,0,0
338.71,0,0,0,0,0,0,0
338.71,0,0,0,0,0,0,0
30,"3,088","1,540",2.4,"1,540",0,4,0
338.71,0,0,0,0,0,0,0
16,0,0,0,0,0,0,0
16,0,0,0,0,0,0,0
30,"422,758","169,659",314.1,"169,659",0,327,0
338.71,0,0,0,0,0,0,0
30,0,0,0,0,0,0,0
338.71,0,0,0,0,0,0,0
16,0,0,0,0,0,0,0
16,0,0,0,0,0,0,0
16,0,0,0,0,0,0,0
30,0,0,0,0,0,0,0
30,"357,901","147,100",218.86,"147,100",0,419,0
16,0,0,0,0,0,0,0
16,0,0,0,0,0,0,0
30,"348,675","142,990",213.94,"142,990",0,422,0
30,"248,190","97,727",179.49,"97,727",0,268,0
16,0,0,0,0,0,0,0
30,"183,377","69,368",127.39,"69,368",0,346,0
30,"117,844","45,149",69.03,"45,149",0,189,0
338.71,0,0,0,0,0,0,0
338.71,0,0,0,0,0,0,0
16,0,0,0,0,0,0,0
16,0,0,0,0,0,0,0
30,"216,010","101,935",170.48,"101,935",0,261,0
338.71,0,0,0,0,0,0,0
338.71,0,0,0,0,0,0,0
338.71,0,0,0,0,0,0,0
16,0,0,0,0,0,0,0
338.71,0,0,0,0,0,0,0
16,0,0,0,0,0,0,0
16,0,0,0,0,0,0,0
30,0,0,0,0,0,0,0
30,0,0,0,0,0,0,0
338.71,0,0,0,0,0,0,0
16,0,0,0,0,0,0,0
30,0,0,0,0,0,0,0
338.71,0,0,0,0,0,0,0
30,0,0,0,0,0,0,0
100,0,0,0,0,0,0,0
100,0,0,0,0,0,0,0
150,0,0,0,0,0,0,0
150,0,0,0,0,0,0,0
370,0,0,0,0,0,0,0
150,0,0,0,0,0,0,0
150,0,0,0,0,0,0,0
100,0,0,0,0,0,0,0
30,0,0,0,0,0,0,0
30,0,0,0,0,0,0,0
150,0,0,0,0,0,0,0
100,0,0,0,0,0,0,0
30,0,0,0,0,0,0,0
370,0,0,0,0,0,0,0
100,0,0,0,0,0,0,0
30,0,0,0,0,0,0,0
100,0,0,0,0,0,0,0
30,0,0,0,0,0,0,0
30,0,0,0,0,0,0,0
30,0,0,0,0,0,0,0
370,0,0,0,0,0,0,0
370,0,0,0,0,0,0,0
30,0,0,0,0,0,0,0
150,0,0,0,0,0,0,0
370,0,0,0,0,0,0,0
100,0,0,0,0,0,0,0
150,0,0,0,0,0,0,0
100,0,0,0,0,0,0,0
370,0,0,0,0,0,0,0
190,"3,586",178,13.17,171,0,8,0
20,0,0,0,0,0,0,0
5,0,0,0,0,0,0,0
40,0,0,0,0,0,0,0
5,0,0,0,0,0,0,0
40,0,0,0,0,0,0,0
20,0,0,0,0,0,0,0
20,0,0,0,0,0,0,0
20,0,0,0,0,0,0,0
5,0,0,0,0,0,0,0
20,0,0,0,0,0,0,0
190,"226,244","9,161",873.82,"8,781",1,421,58.5
190,0,0,0,0,0,0,0
20,0,0,0,0,0,0,0
100,0,0,0,0,0,0,0
370,0,0,0,0,0,0,0
150,0,0,0,0,0,0,0
150,0,0,0,0,0,0,0
100,0,0,0,0,0,0,0
150,0,0,0,0,0,0,0
370,0,0,0,0,0,0,0
30,0,0,0,0,0,0,0
100,0,0,0,0,0,0,0
100,0,0,0,0,0,0,0
370,0,0,0,0,0,0,0
150,0,0,0,0,0,0,0
150,0,0,0,0,0,0,0
100,0,0,0,0,0,0,0
30,0,0,0,0,0,0,0
50,0,0,0,0,0,0,0
90,0,0,0,0,0,0,0
90,0,0,0,0,0,0,0
90,0,0,0,0,0,0,0
2500,0,0,0,0,0,0,0
2500,0,0,0,0,0,0,0
90,0,0,0,0,0,0,0
50,0,0,0,0,0,0,0
50,0,0,0,0,0,0,0
50,0,0,0,0,0,0,0
90,0,0,0,0,0,0,0
50,0,0,0,0,0,0,0
50,0,0,0,0,0,0,0
150,0,0,0,0,0,0,0
33.33,0,0,0,0,0,0,0
33.33,0,0,0,0,0,0,0
150,0,0,0,0,0,0,0
150,0,0,0,0,0,0,0
150,0,0,0,0,0,0,0
33.33,0,0,0,0,0,0,0
150,0,0,0,0,0,0,0
33.33,0,0,0,0,0,0,0
150,0,0,0,0,0,0,0
150,0,0,0,0,0,0,0
33.33,0,0,0,0,0,0,0
33.33,0,0,0,0,0,0,0
33.33,0,0,0,0,0,0,0
33.33,0,0,0,0,0,0,0
100,0,0,0,0,0,0,0
1000,0,0,0,0,0,0,0
1000,0,0,0,0,0,0,0
1000,0,0,0,0,0,0,0
35,0,0,0,0,0,0,0
35,0,0,0,0,0,0,0
35,0,0,0,0,0,0,0
1000,0,0,0,0,0,0,0
100,0,0,0,0,0,0,0
100,0,0,0,0,0,0,0
1000,0,0,0,0,0,0,0
35,0,0,0,0,0,0,0
100,0,0,0,0,0,0,0
370,0,0,0,0,0,0,0
30,0,0,0,0,0,0,0
370,0,0,0,0,0,0,0
30,0,0,0,0,0,0,0
370,0,0,0,0,0,0,0
370,0,0,0,0,0,0,0
150,0,0,0,0,0,0,0
30,0,0,0,0,0,0,0
150,0,0,0,0,0,0,0
100,0,0,0,0,0,0,0
370,0,0,0,0,0,0,0
20,0,0,0,0,0,0,0
20,0,0,0,0,0,0,0
20,0,0,0,0,0,0,0
20,0,0,0,0,0,0,0
190,0,0,0,0,0,0,0
190,0,0,0,0,0,0,0
20,0,0,0,0,0,0,0
20,0,0,0,0,0,0,0
20,0,0,0,0,0,0,0
40,0,0,0,0,0,0,0
190,0,0,0,0,0,0,0
20,0,0,0,0,0,0,0
20,0,0,0,0,0,0,0
40,0,0,0,0,0,0,0
90,0,0,0,0,0,0,0
90,0,0,0,0,0,0,0
20,0,0,0,0,0,0,0
90,0,0,0,0,0,0,0
90,0,0,0,0,0,0,0
20,0,0,0,0,0,0,0
90,0,0,0,0,0,0,0
20,0,0,0,0,0,0,0
20,0,0,0,0,0,0,0
20,0,0,0,0,0,0,0
20,0,0,0,0,0,0,0
20,0,0,0,0,0,0,0
90,0,0,0,0,0,0,0
90,0,0,0,0,0,0,0
90,0,0,0,0,0,0,0
33.33,0,0,0,0,0,0,0
33.33,0,0,0,0,0,0,0
150,0,0,0,0,0,0,0
150,0,0,0,0,0,0,0
150,0,0,0,0,0,0,0
150,0,0,0,0,0,0,0
33.33,0,0,0,0,0,0,0
150,0,0,0,0,0,0,0
33.33,0,0,0,0,0,0,0
33.33,0,0,0,0,0,0,0
150,0,0,0,0,0,0,0
33.33,0,0,0,0,0,0,0
150,0,0,0,0,0,0,0
2500,0,0,0,0,0,0,0
2500,0,0,0,0,0,0,0
50,0,0,0,0,0,0,0
90,0,0,0,0,0,0,0
2500,0,0,0,0,0,0,0
90,0,0,0,0,0,0,0
90,0,0,0,0,0,0,0
90,0,0,0,0,0,0,0
2500,0,0,0,0,0,0,0
2500,0,0,0,0,0,0,0
2500,0,0,0,0,0,0,0
90,0,0,0,0,0,0,0
50,0,0,0,0,0,0,0
90,0,0,0,0,0,0,0
150,0,0,0,0,0,0,0
90,0,0,0,0,0,0,0
150,0,0,0,0,0,0,0
190,0,0,0,0,0,0,0
250,0,0,0,0,0,0,0
30,0,0,0,0,0,0,0
150,0,0,0,0,0,0,0
30,0,0,0,0,0,0,0
150,"922,646","20,529",601.01,"4,654",0,"15,982",0
150,0,0,0,0,0,0,0
190,0,0,0,0,0,0,0
150,0,0,0,0,0,0,0
190,0,0,0,0,0,0,0
150,0,0,0,0,0,0,0
20,0,0,0,0,0,0,0
20,0,0,0,0,0,0,0
20,0,0,0,0,0,0,0
200,0,0,0,0,0,0,0
200,0,0,0,0,0,0,0
200,0,0,0,0,0,0,0
20,0,0,0,0,0,0,0
20,0,0,0,0,0,0,0
20,0,0,0,0,0,0,0
20,0,0,0,0,0,0,0
20,0,0,0,0,0,0,0
20,0,0,0,0,0,0,0
20,0,0,0,0,0,0,0
20,0,0,0,0,0,0,0
100,0,0,0,0,0,0,0
100,0,0,0,0,0,0,0
100,0,0,0,0,0,0,0
35,0,0,0,0,0,0,0
1000,0,0,0,0,0,0,0
1000,0,0,0,0,0,0,0
35,0,0,0,0,0,0,0
1000,0,0,0,0,0,0,0
35,0,0,0,0,0,0,0
1000,0,0,0,0,0,0,0
35,0,0,0,0,0,0,0
35,0,0,0,0,0,0,0
1000,0,0,0,0,0,0,0
20,0,0,0,0,0,0,0
190,0,0,0,0,0,0,0
190,0,0,0,0,0,0,0
20,0,0,0,0,0,0,0
20,0,0,0,0,0,0,0
5,0,0,0,0,0,0,0
20,0,0,0,0,0,0,0
20,0,0,0,0,0,0,0
40,0,0,0,0,0,0,0
190,"129,507","5,507",610.05,"5,349",3.02,192,176.67
190,0,0,0,0,0,0,0
190,0,0,0,0,0,0,0
190,0,0,0,0,0,0,0
20,0,0,0,0,0,0,0
20,0,0,0,0,0,0,0
90,0,0,0,0,0,0,0
20,0,0,0,0,0,0,0
90,0,0,0,0,0,0,0
20,0,0,0,0,0,0,0
90,0,0,0,0,0,0,0
90,0,0,0,0,0,0,0
20,0,0,0,0,0,0,0
20,0,0,0,0,0,0,0
90,0,0,0,0,0,0,0
90,0,0,0,0,0,0,0
20,0,0,0,0,0,0,0
300,0,0,0,0,0,0,0
300,0,0,0,0,0,0,0
300,0,0,0,0,0,0,0
300,0,0,0,0,0,0,0
300,0,0,0,0,0,0,0
300,0,0,0,0,0,0,0
300,0,0,0,0,0,0,0
300,0,0,0,0,0,0,0
300,0,0,0,0,0,0,0
300,0,0,0,0,0,0,0
450,0,0,0,0,0,0,0
450,0,0,0,0,0,0,0
50,0,0,0,0,0,0,0
450,0,0,0,0,0,0,0
50,0,0,0,0,0,0,0
450,0,0,0,0,0,0,0
450,0,0,0,0,0,0,0
450,0,0,0,0,0,0,0
450,0,0,0,0,0,0,0
450,0,0,0,0,0,0,0
50,0,0,0,0,0,0,0
50,0,0,0,0,0,0,0
450,0,0,0,0,0,0,0
50,0,0,0,0,0,0,0
50,0,0,0,0,0,0,0
20,0,0,0,0,0,0,0
20,0,0,0,0,0,0,0
20,0,0,0,0,0,0,0
200,0,0,0,0,0,0,0
20,0,0,0,0,0,0,0
20,0,0,0,0,0,0,0
20,0,0,0,0,0,0,0
200,0,0,0,0,0,0,0
200,0,0,0,0,0,0,0
20,0,0,0,0,0,0,0
20,0,0,0,0,0,0,0
20,0,0,0,0,0,0,0
20,0,0,0,0,0,0,0
200,0,0,0,0,0,0,0
100,0,0,0,0,0,0,0
30,0,0,0,0,0,0,0
40,0,0,0,0,0,0,0
30,0,0,0,0,0,0,0
30,0,0,0,0,0,0,0
30,0,0,0,0,0,0,0
100,0,0,0,0,0,0,0
40,0,0,0,0,0,0,0
73,0,0,0,0,0,0,0
30,0,0,0,0,0,0,0
30,0,0,0,0,0,0,0
40,0,0,0,0,0,0,0
30,0,0,0,0,0,0,0
90,0,0,0,0,0,0,0
2500,0,0,0,0,0,0,0
2500,0,0,0,0,0,0,0
50,0,0,0,0,0,0,0
2500,0,0,0,0,0,0,0
90,0,0,0,0,0,0,0
50,0,0,0,0,0,0,0
50,0,0,0,0,0,0,0
50,0,0,0,0,0,0,0
2500,0,0,0,0,0,0,0
2500,0,0,0,0,0,0,0
50,0,0,0,0,0,0,0
50,0,0,0,0,0,0,0
2500,0,0,0,0,0,0,0
150,0,0,0,0,0,0,0
250,31,0,0,0,0,0,0
30,0,0,0,0,0,0,0
150,0,0,0,0,0,0,0
150,0,0,0,0,0,0,0
190,0,0,0,0,0,0,0
30,0,0,0,0,0,0,0
190,0,0,0,0,0,0,0
190,0,0,0,0,0,0,0
150,0,0,0,0,0,0,0
30,0,0,0,0,0,0,0
190,0,0,0,0,0,0,0
90,0,0,0,0,0,0,0
190,0,0,0,0,0,0,0
30,0,0,0,0,0,0,0
250,0,0,0,0,0,0,0
190,0,0,0,0,0,0,0
250,0,0,0,0,0,0,0
250,0,0,0,0,0,0,0
6.8,0,0,0,0,0,0,0
250,0,0,0,0,0,0,0
6.8,0,0,0,0,0,0,0
250,0,0,0,0,0,0,0
190,0,0,0,0,0,0,0
6.8,0,0,0,0,0,0,0
250,0,0,0,0,0,0,0
190,0,0,0,0,0,0,0
20,0,0,0,0,0,0,0
20,0,0,0,0,0,0,0
40,0,0,0,0,0,0,0
5,0,0,0,0,0,0,0
190,"128,482","4,579",597.94,"4,333",3,273,175.5
20,0,0,0,0,0,0,0
40,0,0,0,0,0,0,0
40,0,0,0,0,0,0,0
40,0,0,0,0,0,0,0
190,0,0,0,0,0,0,0
5,0,0,0,0,0,0,0
5,0,0,0,0,0,0,0
20,0,0,0,0,0,0,0
100,0,0,0,0,0,0,0
100,0,0,0,0,0,0,0
35,0,0,0,0,0,0,0
35,0,0,0,0,0,0,0
1000,0,0,0,0,0,0,0
100,0,0,0,0,0,0,0
1000,0,0,0,0,0,0,0
100,0,0,0,0,0,0,0
35,0,0,0,0,0,0,0
35,0,0,0,0,0,0,0
100,0,0,0,0,0,0,0
35,0,0,0,0,0,0,0
1000,0,0,0,0,0,0,0
180,0,0,0,0,0,0,0
30,0,0,0,0,0,0,0
30,0,0,0,0,0,0,0
50,0,0,0,0,0,0,0
180,0,0,0,0,0,0,0
30,0,0,0,0,0,0,0
50,0,0,0,0,0,0,0
180,0,0,0,0,0,0,0
65,0,0,0,0,0,0,0
65,0,0,0,0,0,0,0
180,0,0,0,0,0,0,0
50,0,0,0,0,0,0,0
180,0,0,0,0,0,0,0
65,0,0,0,0,0,0,0
30,0,0,0,0,0,0,0
225,0,0,0,0,0,0,0
225,0,0,0,0,0,0,0
30,0,0,0,0,0,0,0
225,0,0,0,0,0,0,0
225,0,0,0,0,0,0,0
225,0,0,0,0,0,0,0
30,0,0,0,0,0,0,0
30,0,0,0,0,0,0,0
225,0,0,0,0,0,0,0
30,0,0,0,0,0,0,0
30,0,0,0,0,0,0,0
225,0,0,0,0,0,0,0
33.3,0,0,0,0,0,0,0
60,0,0,0,0,0,0,0
33.3,0,0,0,0,0,0,0
33.3,0,0,0,0,0,0,0
60,0,0,0,0,0,0,0
60,0,0,0,0,0,0,0
33.3,0,0,0,0,0,0,0
60,0,0,0,0,0,0,0
60,0,0,0,0,0,0,0
150,0,0,0,0,0,0,0
33.3,0,0,0,0,0,0,0
200,0,0,0,0,0,0,0
200,0,0,0,0,0,0,0
20,0,0,0,0,0,0,0
200,0,0,0,0,0,0,0
20,0,0,0,0,0,0,0
200,0,0,0,0,0,0,0
20,0,0,0,0,0,0,0
20,0,0,0,0,0,0,0
20,0,0,0,0,0,0,0
20,0,0,0,0,0,0,0
20,0,0,0,0,0,0,0
200,0,0,0,0,0,0,0
200,0,0,0,0,0,0,0
65,0,0,0,0,0,0,0
100,0,0,0,0,0,0,0
30,0,0,0,0,0,0,0
30,0,0,0,0,0,0,0
100,0,0,0,0,0,0,0
100,0,0,0,0,0,0,0
100,0,0,0,0,0,0,0
100,0,0,0,0,0,0,0
65,0,0,0,0,0,0,0
1,0,0,0,0,0,0,0
100,0,0,0,0,0,0,0
1,0,0,0,0,0,0,0
300,0,0,0,0,0,0,0
300,0,0,0,0,0,0,0
300,0,0,0,0,0,0,0
300,0,0,0,0,0,0,0
11,0,0,0,0,0,0,0
160,"340,921","34,760",1308.24,"32,994",13.98,"2,106",817.83
30,0,0,0,0,0,0,0
11,0,0,0,0,0,0,0
30,0,0,0,0,0,0,0
30,0,0,0,0,0,0,0
160,"342,188","69,960",1467.1,"68,992",12,"1,563",702
30,0,0,0,0,0,0,0
11,0,0,0,0,0,0,0
30,0,0,0,0,0,0,0
160,"250,983","40,187",1376.77,"39,814",7.99,884,467.415
11,0,0,0,0,0,0,0
160,"402,434","87,932",1859.77,"87,123",16,"1,720",936
2500,0,0,0,0,0,0,0
10,0,0,0,0,0,0,0
10,0,0,0,0,0,0,0
10,0,0,0,0,0,0,0
10,0,0,0,0,0,0,0
10,0,0,0,0,0,0,0
2500,797,254,372.11,0,10,254,585
2500,"1,541",360,1478.45,0,17.72,360,1036.62
10,0,0,0,0,0,0,0
2500,"1,233",325,487.45,0,8,325,468
10,0,0,0,0,0,0,0
2500,813,159,237.16,0,6,159,351
2500,"1,165",390,615.58,0,24.2,390,1415.7
10,0,0,0,0,0,0,0
2500,918,253,510.74,0,12,253,702
25,0,0,0,0,0,0,0
30,0,0,0,0,0,0,0
30,0,0,0,0,0,0,0
25,0,0,0,0,0,0,0
25,0,0,0,0,0,0,0
25,0,0,0,0,0,0,0
30,0,0,0,0,0,0,0
20,0,0,0,0,0,0,0
30,0,0,0,0,0,0,0
20,0,0,0,0,0,0,0
25,0,0,0,0,0,0,0
25,0,0,0,0,0,0,0
30,0,0,0,0,0,0,0
20,0,0,0,0,0,0,0
30,0,0,0,0,0,0,0
2500,0,0,0,0,0,0,0
180,0,0,0,0,0,0,0
2500,0,0,0,0,0,0,0
180,0,0,0,0,0,0,0
50,0,0,0,0,0,0,0
180,0,0,0,0,0,0,0
50,0,0,0,0,0,0,0
180,0,0,0,0,0,0,0
180,0,0,0,0,0,0,0
2500,0,0,0,0,0,0,0
2500,0,0,0,0,0,0,0
50,0,0,0,0,0,0,0
50,0,0,0,0,0,0,0
450,0,0,0,0,0,0,0
450,0,0,0,0,0,0,0
450,0,0,0,0,0,0,0
50,0,0,0,0,0,0,0
50,0,0,0,0,0,0,0
50,0,0,0,0,0,0,0
50,0,0,0,0,0,0,0
450,0,0,0,0,0,0,0
50,0,0,0,0,0,0,0
50,0,0,0,0,0,0,0
50,0,0,0,0,0,0,0
450,0,0,0,0,0,0,0
100,0,0,0,0,0,0,0
30,0,0,0,0,0,0,0
100,0,0,0,0,0,0,0
100,0,0,0,0,0,0,0
100,0,0,0,0,0,0,0
40,0,0,0,0,0,0,0
73,0,0,0,0,0,0,0
40,0,0,0,0,0,0,0
73,0,0,0,0,0,0,0
40,0,0,0,0,0,0,0
40,0,0,0,0,0,0,0
40,0,0,0,0,0,0,0
90,0,0,0,0,0,0,0
90,0,0,0,0,0,0,0
150,0,0,0,0,0,0,0
250,0,0,0,0,0,0,0
150,"73,072","9,130",272.12,"8,911",0.01,326,0.585
90,0,0,0,0,0,0,0
150,0,0,0,0,0,0,0
90,0,0,0,0,0,0,0
150,0,0,0,0,0,0,0
150,0,0,0,0,0,0,0
90,0,0,0,0,0,0,0
30,0,0,0,0,0,0,0
150,0,0,0,0,0,0,0
90,0,0,0,0,0,0,0
250,0,0,0,0,0,0,0
150,0,0,0,0,0,0,0
150,0,0,0,0,0,0,0
190,0,0,0,0,0,0,0
6.8,0,0,0,0,0,0,0
6.8,0,0,0,0,0,0,0
190,0,0,0,0,0,0,0
190,0,0,0,0,0,0,0
6.8,0,0,0,0,0,0,0
190,0,0,0,0,0,0,0
250,0,0,0,0,0,0,0
6.8,0,0,0,0,0,0,0
6.8,0,0,0,0,0,0,0
250,0,0,0,0,0,0,0
250,0,0,0,0,0,0,0
6.8,0,0,0,0,0,0,0
190,0,0,0,0,0,0,0
500,0,0,0,0,0,0,0
35,0,0,0,0,0,0,0
35,0,0,0,0,0,0,0
35,0,0,0,0,0,0,0
35,0,0,0,0,0,0,0
35,0,0,0,0,0,0,0
500,0,0,0,0,0,0,0
500,0,0,0,0,0,0,0
35,0,0,0,0,0,0,0
35,0,0,0,0,0,0,0
500,0,0,0,0,0,0,0
500,0,0,0,0,0,0,0
35,0,0,0,0,0,0,0
500,0,0,0,0,0,0,0
500,0,0,0,0,0,0,0
40,0,0,0,0,0,0,0
5,0,0,0,0,0,0,0
5,0,0,0,0,0,0,0
40,0,0,0,0,0,0,0
40,0,0,0,0,0,0,0
5,0,0,0,0,0,0,0
5,0,0,0,0,0,0,0
5,0,0,0,0,0,0,0
20,0,0,0,0,0,0,0
40,0,0,0,0,0,0,0
5,0,0,0,0,0,0,0
40,0,0,0,0,0,0,0
20,0,0,0,0,0,0,0
5,0,0,0,0,0,0,0
100,0,0,0,0,0,0,0
100,0,0,0,0,0,0,0
1000,0,0,0,0,0,0,0
10,0,0,0,0,0,0,0
10,0,0,0,0,0,0,0
10,0,0,0,0,0,0,0
10,0,0,0,0,0,0,0
2500,"1,303",262,815.39,0,14,262,819
2500,"1,275",334,587.33,0,27.56,334,1612.26
2500,973,270,305.15,0,9,270,526.5
10,0,0,0,0,0,0,0
2500,0,0,0,0,0,0,0
10,0,0,0,0,0,0,0
2500,377,118,322.35,0,9.05,118,529.425
2500,986,314,427.2,0,20,314,1170
2500,0,0,0,0,0,0,0
65,0,0,0,0,0,0,0
30,0,0,0,0,0,0,0
180,0,0,0,0,0,0,0
180,0,0,0,0,0,0,0
30,0,0,0,0,0,0,0
65,0,0,0,0,0,0,0
65,0,0,0,0,0,0,0
30,0,0,0,0,0,0,0
50,0,0,0,0,0,0,0
50,0,0,0,0,0,0,0
65,0,0,0,0,0,0,0
65,0,0,0,0,0,0,0
30,0,0,0,0,0,0,0
50,0,0,0,0,0,0,0
65,0,0,0,0,0,0,0
30,0,0,0,0,0,0,0
30,0,0,0,0,0,0,0
30,0,0,0,0,0,0,0
30,0,0,0,0,0,0,0
225,0,0,0,0,0,0,0
225,0,0,0,0,0,0,0
30,0,0,0,0,0,0,0
30,0,0,0,0,0,0,0
30,0,0,0,0,0,0,0
225,0,0,0,0,0,0,0
225,0,0,0,0,0,0,0
30,0,0,0,0,0,0,0
30,0,0,0,0,0,0,0
180,0,0,0,0,0,0,0
180,0,0,0,0,0,0,0
1,0,0,0,0,0,0,0
100,0,0,0,0,0,0,0
100,0,0,0,0,0,0,0
30,0,0,0,0,0,0,0
65,0,0,0,0,0,0,0
100,0,0,0,0,0,0,0
1,0,0,0,0,0,0,0
100,0,0,0,0,0,0,0
100,"40,643","4,799",71.39,"4,353",0,577,0
65,0,0,0,0,0,0,0
200,0,0,0,0,0,0,0
25,0,0,0,0,0,0,0
30,0,0,0,0,0,0,0
20,0,0,0,0,0,0,0
20,0,0,0,0,0,0,0
30,0,0,0,0,0,0,0
25,0,0,0,0,0,0,0
20,0,0,0,0,0,0,0
25,0,0,0,0,0,0,0
25,0,0,0,0,0,0,0
30,0,0,0,0,0,0,0
30,0,0,0,0,0,0,0
20,0,0,0,0,0,0,0
30,0,0,0,0,0,0,0
20,0,0,0,0,0,0,0
20,0,0,0,0,0,0,0
50,0,0,0,0,0,0,0
50,0,0,0,0,0,0,0
180,0,0,0,0,0,0,0
50,0,0,0,0,0,0,0
2500,0,0,0,0,0,0,0
50,0,0,0,0,0,0,0
180,0,0,0,0,0,0,0
2500,0,0,0,0,0,0,0
2500,0,0,0,0,0,0,0
50,0,0,0,0,0,0,0
2500,0,0,0,0,0,0,0
180,0,0,0,0,0,0,0
50,0,0,0,0,0,0,0
11,0,0,0,0,0,0,0
11,0,0,0,0,0,0,0
11,0,0,0,0,0,0,0
11,0,0,0,0,0,0,0
30,0,0,0,0,0,0,0
30,0,0,0,0,0,0,0
11,0,0,0,0,0,0,0
160,0,0,0,0,0,0,0
160,0,0,0,0,0,0,0
11,0,0,0,0,0,0,0
160,0,0,0,0,0,0,0
11,0,0,0,0,0,0,0
33.3,0,0,0,0,0,0,0
60,0,0,0,0,0,0,0
150,0,0,0,0,0,0,0
150,0,0,0,0,0,0,0
33.3,0,0,0,0,0,0,0
33.3,0,0,0,0,0,0,0
33.3,0,0,0,0,0,0,0
60,0,0,0,0,0,0,0
150,0,0,0,0,0,0,0
60,0,0,0,0,0,0,0
60,0,0,0,0,0,0,0
150,0,0,0,0,0,0,0
73,0,0,0,0,0,0,0
100,0,0,0,0,0,0,0
73,0,0,0,0,0,0,0
100,0,0,0,0,0,0,0
73,0,0,0,0,0,0,0
30,0,0,0,0,0,0,0
73,0,0,0,0,0,0,0
40,0,0,0,0,0,0,0
73,0,0,0,0,0,0,0
73,0,0,0,0,0,0,0
30,0,0,0,0,0,0,0
100,0,0,0,0,0,0,0
30,0,0,0,0,0,0,0
190,"117,738","15,435",333.78,"14,718",0,896,0
30,0,0,0,0,0,0,0
190,0,0,0,0,0,0,0
250,0,0,0,0,0,0,0
90,0,0,0,0,0,0,0
90,0,0,0,0,0,0,0
250,0,0,0,0,0,0,0
30,0,0,0,0,0,0,0
250,"12,656","3,294",10.24,"3,294",0,150,0
90,0,0,0,0,0,0,0
150,0,0,0,0,0,0,0
250,0,0,0,0,0,0,0
150,0,0,0,0,0,0,0
150,0,0,0,0,0,0,0
190,0,0,0,0,0,0,0
250,0,0,0,0,0,0,0
190,0,0,0,0,0,0,0
250,0,0,0,0,0,0,0
6.8,0,0,0,0,0,0,0
190,0,0,0,0,0,0,0
250,0,0,0,0,0,0,0
190,"148,787","5,713",558.1,"5,490",15,255,877.5
250,0,0,0,0,0,0,0
190,0,0,0,0,0,0,0
6.8,0,0,0,0,0,0,0
6.8,0,0,0,0,0,0,0
250,0,0,0,0,0,0,0
65,0,0,0,0,0,0,0
180,0,0,0,0,0,0,0
180,0,0,0,0,0,0,0
30,0,0,0,0,0,0,0
50,0,0,0,0,0,0,0
65,0,0,0,0,0,0,0
30,0,0,0,0,0,0,0
180,0,0,0,0,0,0,0
50,0,0,0,0,0,0,0
180,0,0,0,0,0,0,0
50,0,0,0,0,0,0,0
30,0,0,0,0,0,0,0
180,0,0,0,0,0,0,0
50,0,0,0,0,0,0,0
65,0,0,0,0,0,0,0
500,0,0,0,0,0,0,0
500,0,0,0,0,0,0,0
35,0,0,0,0,0,0,0
35,0,0,0,0,0,0,0
500,0,0,0,0,0,0,0
500,0,0,0,0,0,0,0
35,0,0,0,0,0,0,0
500,0,0,0,0,0,0,0
35,0,0,0,0,0,0,0
35,0,0,0,0,0,0,0
500,0,0,0,0,0,0,0
35,0,0,0,0,0,0,0
500,0,0,0,0,0,0,0
200,0,0,0,0,0,0,0
250,0,0,0,0,0,0,0
150,"1,238,445","72,011",760.83,"51,371",0,"22,319",0
250,0,0,0,0,0,0,0
250,0,0,0,0,0,0,0
200,0,0,0,0,0,0,0
250,0,0,0,0,0,0,0
150,0,0,0,0,0,0,0
200,0,0,0,0,0,0,0
100,0,0,0,0,0,0,0
100,0,0,0,0,0,0,0
300,0,0,0,0,0,0,0
300,0,0,0,0,0,0,0
100,0,0,0,0,0,0,0
30,0,0,0,0,0,0,0
11,0,0,0,0,0,0,0
30,0,0,0,0,0,0,0
30,0,0,0,0,0,0,0
30,0,0,0,0,0,0,0
160,0,0,0,0,0,0,0
160,"328,448","38,851",1205.82,"37,740",20,"1,564",1170
30,0,0,0,0,0,0,0
160,0,0,0,0,0,0,0
30,0,0,0,0,0,0,0
11,0,0,0,0,0,0,0
30,0,0,0,0,0,0,0
11,0,0,0,0,0,0,0
160,"55,913","8,075",268.67,"7,933",0,226,0
20,0,0,0,0,0,0,0
20,0,0,0,0,0,0,0
30,0,0,0,0,0,0,0
30,0,0,0,0,0,0,0
20,0,0,0,0,0,0,0
20,0,0,0,0,0,0,0
20,0,0,0,0,0,0,0
20,0,0,0,0,0,0,0
30,0,0,0,0,0,0,0
30,0,0,0,0,0,0,0
30,0,0,0,0,0,0,0
20,0,0,0,0,0,0,0
30,0,0,0,0,0,0,0
20,0,0,0,0,0,0,0
30,0,0,0,0,0,0,0
20,0,0,0,0,0,0,0
30,0,0,0,0,0,0,0
30,0,0,0,0,0,0,0
20,0,0,0,0,0,0,0
25,0,0,0,0,0,0,0
20,0,0,0,0,0,0,0
25,0,0,0,0,0,0,0
20,0,0,0,0,0,0,0
30,0,0,0,0,0,0,0
25,0,0,0,0,0,0,0
25,0,0,0,0,0,0,0
30,0,0,0,0,0,0,0
20,0,0,0,0,0,0,0
20,0,0,0,0,0,0,0
30,0,0,0,0,0,0,0
100,0,0,0,0,0,0,0
100,0,0,0,0,0,0,0
100,0,0,0,0,0,0,0
100,0,0,0,0,0,0,0
100,0,0,0,0,0,0,0
25,0,0,0,0,0,0,0
100,0,0,0,0,0,0,0
25,0,0,0,0,0,0,0
25,0,0,0,0,0,0,0
570,0,0,0,0,0,0,0
100,0,0,0,0,0,0,0
100,0,0,0,0,0,0,0
225,0,0,0,0,0,0,0
225,0,0,0,0,0,0,0
225,0,0,0,0,0,0,0
2500,0,0,0,0,0,0,0
50,0,0,0,0,0,0,0
180,0,0,0,0,0,0,0
50,0,0,0,0,0,0,0
2500,0,0,0,0,0,0,0
2500,0,0,0,0,0,0,0
180,0,0,0,0,0,0,0
50,0,0,0,0,0,0,0
180,0,0,0,0,0,0,0
180,0,0,0,0,0,0,0
2500,0,0,0,0,0,0,0
50,0,0,0,0,0,0,0
73,0,0,0,0,0,0,0
30,0,0,0,0,0,0,0
100,0,0,0,0,0,0,0
73,0,0,0,0,0,0,0
73,0,0,0,0,0,0,0
30,0,0,0,0,0,0,0
100,0,0,0,0,0,0,0
40,0,0,0,0,0,0,0
40,0,0,0,0,0,0,0
100,0,0,0,0,0,0,0
40,0,0,0,0,0,0,0
30,0,0,0,0,0,0,0
30,0,0,0,0,0,0,0
65,0,0,0,0,0,0,0
50,0,0,0,0,0,0,0
30,0,0,0,0,0,0,0
180,0,0,0,0,0,0,0
50,0,0,0,0,0,0,0
50,0,0,0,0,0,0,0
50,0,0,0,0,0,0,0
30,0,0,0,0,0,0,0
65,0,0,0,0,0,0,0
180,0,0,0,0,0,0,0
1,0,0,0,0,0,0,0
1,0,0,0,0,0,0,0
65,0,0,0,0,0,0,0
65,0,0,0,0,0,0,0
180,0,0,0,0,0,0,0
100,0,0,0,0,0,0,0
65,0,0,0,0,0,0,0
30,0,0,0,0,0,0,0
100,0,0,0,0,0,0,0
30,0,0,0,0,0,0,0
180,0,0,0,0,0,0,0
100,0,0,0,0,0,0,0
60,0,0,0,0,0,0,0
150,0,0,0,0,0,0,0
150,0,0,0,0,0,0,0
150,0,0,0,0,0,0,0
33.3,0,0,0,0,0,0,0
150,0,0,0,0,0,0,0
150,0,0,0,0,0,0,0
150,0,0,0,0,0,0,0
150,0,0,0,0,0,0,0
60,0,0,0,0,0,0,0
150,0,0,0,0,0,0,0
33.3,0,0,0,0,0,0,0
33.3,0,0,0,0,0,0,0
90,0,0,0,0,0,0,0
150,0,0,0,0,0,0,0
150,0,0,0,0,0,0,0
150,0,0,0,0,0,0,0
250,0,0,0,0,0,0,0
250,369,0,0,0,0,0,0
30,0,0,0,0,0,0,0
150,0,0,0,0,0,0,0
150,0,0,0,0,0,0,0
150,"207,429","3,008",94.96,126,0,"2,882",0
190,0,0,0,0,0,0,0
90,0,0,0,0,0,0,0
250,0,0,0,0,0,0,0
150,0,0,0,0,0,0,0
150,0,0,0,0,0,0,0
6.8,0,0,0,0,0,0,0
190,"13,042",497,46.31,461,0,38,0
6.8,0,0,0,0,0,0,0
7.4,0,0,0,0,0,0,0
7.4,0,0,0,0,0,0,0
7.4,0,0,0,0,0,0,0
10,4,2,0.37,0,0,2,0
15,0,0,0,0,0,0,0
10,16,1,1,0,0,1,0
7.4,0,0,0,0,0,0,0
10,27,4,3.46,0,0,4,0
15,0,0,0,0,0,0,0
10,14,1,0.41,0,0,1,0
7.4,0,0,0,0,0,0,0
15,0,0,0,0,0,0,0
200,0,0,0,0,0,0,0
100,"50,940","6,040",116.3,"6,018",3,233,175.5
100,"270,948","46,805",629.86,"46,651",15,"1,737",877.5
200,0,0,0,0,0,0,0
150,"11,326","2,739",15.32,"2,672",0,172,0
150,0,0,0,0,0,0,0
250,"1,519,199","453,945",1741.7,"453,775",46.99,"20,819",2748.915
300,0,0,0,0,0,0,0
250,0,0,0,0,0,0,0
100,0,0,0,0,0,0,0
150,0,0,0,0,0,0,0
200,0,0,0,0,0,0,0
250,0,0,0,0,0,0,0
150,0,0,0,0,0,0,0
150,0,0,0,0,0,0,0
100,0,0,0,0,0,0,0
100,0,0,0,0,0,0,0
25,0,0,0,0,0,0,0
25,0,0,0,0,0,0,0
570,0,0,0,0,0,0,0
100,0,0,0,0,0,0,0
100,0,0,0,0,0,0,0
100,0,0,0,0,0,0,0
570,0,0,0,0,0,0,0
100,0,0,0,0,0,0,0
100,0,0,0,0,0,0,0
100,0,0,0,0,0,0,0
100,0,0,0,0,0,0,0
160,"219,194","26,503",693.5,"25,611",15,"1,189",877.5
160,"360,847","103,272",1871.91,"102,443",12.09,"1,722",707.265
160,0,0,0,0,0,0,0
30,0,0,0,0,0,0,0
30,0,0,0,0,0,0,0
30,0,0,0,0,0,0,0
20,0,0,0,0,0,0,0
20,0,0,0,0,0,0,0
20,0,0,0,0,0,0,0
20,0,0,0,0,0,0,0
30,0,0,0,0,0,0,0
20,0,0,0,0,0,0,0
20,0,0,0,0,0,0,0
30,0,0,0,0,0,0,0
20,0,0,0,0,0,0,0
180,0,0,0,0,0,0,0
2500,0,0,0,0,0,0,0
180,0,0,0,0,0,0,0
50,0,0,0,0,0,0,0
2500,0,0,0,0,0,0,0
73,0,0,0,0,0,0,0
40,0,0,0,0,0,0,0
40,0,0,0,0,0,0,0
100,0,0,0,0,0,0,0
30,0,0,0,0,0,0,0
100,0,0,0,0,0,0,0
73,0,0,0,0,0,0,0
65,0,0,0,0,0,0,0
30,0,0,0,0,0,0,0
100,0,0,0,0,0,0,0
30,0,0,0,0,0,0,0
180,0,0,0,0,0,0,0
30,0,0,0,0,0,0,0
180,0,0,0,0,0,0,0
100,0,0,0,0,0,0,0
180,0,0,0,0,0,0,0
30,0,0,0,0,0,0,0
30,0,0,0,0,0,0,0
100,0,0,0,0,0,0,0
65,0,0,0,0,0,0,0
33.3,0,0,0,0,0,0,0
33.3,0,0,0,0,0,0,0
150,0,0,0,0,0,0,0
60,0,0,0,0,0,0,0
60,0,0,0,0,0,0,0
60,0,0,0,0,0,0,0
150,0,0,0,0,0,0,0
150,0,0,0,0,0,0,0
250,0,0,0,0,0,0,0
150,0,0,0,0,0,0,0
150,0,0,0,0,0,0,0
150,0,0,0,0,0,0,0
250,0,0,0,0,0,0,0
250,0,0,0,0,0,0,0
30,0,0,0,0,0,0,0
190,0,0,0,0,0,0,0
150,"255,519","21,470",653.72,"19,140",3,"2,569",175.5
190,0,0,0,0,0,0,0
150,0,0,0,0,0,0,0
30,0,0,0,0,0,0,0
150,0,0,0,0,0,0,0
7.4,0,0,0,0,0,0,0
15,0,0,0,0,0,0,0
7.4,0,0,0,0,0,0,0
10,76,14,51.94,0,0,14,0
7.4,0,0,0,0,0,0,0
10,97,27,103.19,0,0,27,0
7.4,0,0,0,0,0,0,0
10,22,2,4.33,0,0,2,0
15,0,0,0,0,0,0,0
10,55,9,6.66,0,0,9,0
7.4,0,0,0,0,0,0,0
10,28,2,1.72,0,0,2,0
15,0,0,0,0,0,0,0
200,0,0,0,0,0,0,0
100,0,0,0,0,0,0,0
100,0,0,0,0,0,0,0
150,0,0,0,0,0,0,0
300,0,0,0,0,0,0,0
100,0,0,0,0,0,0,0
200,0,0,0,0,0,0,0
100,0,0,0,0,0,0,0
200,0,0,0,0,0,0,0
100,0,0,0,0,0,0,0
300,0,0,0,0,0,0,0
300,0,0,0,0,0,0,0
250,"180,544","4,708",108.68,"2,386",0,"2,420",0
150,0,0,0,0,0,0,0
570,0,0,0,0,0,0,0
25,0,0,0,0,0,0,0
570,0,0,0,0,0,0,0
100,0,0,0,0,0,0,0
570,0,0,0,0,0,0,0
25,0,0,0,0,0,0,0
570,0,0,0,0,0,0,0
100,0,0,0,0,0,0,0
100,0,0,0,0,0,0,0
570,0,0,0,0,0,0,0
100,0,0,0,0,0,0,0
100,0,0,0,0,0,0,0
100,0,0,0,0,0,0,0
25,0,0,0,0,0,0,0
1,0,0,0,0,0,0,0
180,0,0,0,0,0,0,0
100,0,0,0,0,0,0,0
1,0,0,0,0,0,0,0
65,0,0,0,0,0,0,0
100,0,0,0,0,0,0,0
180,0,0,0,0,0,0,0
1,0,0,0,0,0,0,0
30,0,0,0,0,0,0,0
100,0,0,0,0,0,0,0
180,0,0,0,0,0,0,0
180,0,0,0,0,0,0,0
90,0,0,0,0,0,0,0
30,0,0,0,0,0,0,0
190,0,0,0,0,0,0,0
150,0,0,0,0,0,0,0
150,0,0,0,0,0,0,0
150,0,0,0,0,0,0,0
150,0,0,0,0,0,0,0
90,0,0,0,0,0,0,0
300,0,0,0,0,0,0,0
250,"1,300,964","234,104",1749.82,"229,960",27.93,"14,508",1633.905
250,0,0,0,0,0,0,0
150,0,0,0,0,0,0,0
250,0,0,0,0,0,0,0
100,0,0,0,0,0,0,0
150,0,0,0,0,0,0,0
300,0,0,0,0,0,0,0
300,0,0,0,0,0,0,0
200,0,0,0,0,0,0,0
200,0,0,0,0,0,0,0
100,0,0,0,0,0,0,0
200,0,0,0,0,0,0,0
7.4,0,0,0,0,0,0,0
15,0,0,0,0,0,0,0
10,14,0,0,0,0,0,0
7.4,0,0,0,0,0,0,0
7.4,0,0,0,0,0,0,0
15,0,0,0,0,0,0,0
10,29,2,9.79,0,0,2,0
10,36,5,4.4,0,0,5,0
15,0,0,0,0,0,0,0
15,0,0,0,0,0,0,0
15,0,0,0,0,0,0,0
7.4,0,0,0,0,0,0,0
15,0,0,0,0,0,0,0
180,0,0,0,0,0,0,0
1,0,0,0,0,0,0,0
65,0,0,0,0,0,0,0
30,0,0,0,0,0,0,0
30,0,0,0,0,0,0,0
100,0,0,0,0,0,0,0
100,0,0,0,0,0,0,0
30,0,0,0,0,0,0,0
1,0,0,0,0,0,0,0
100,0,0,0,0,0,0,0
65,0,0,0,0,0,0,0
65,0,0,0,0,0,0,0
570,0,0,0,0,0,0,0
25,0,0,0,0,0,0,0
570,0,0,0,0,0,0,0
100,0,0,0,0,0,0,0
25,0,0,0,0,0,0,0
25,0,0,0,0,0,0,0
570,0,0,0,0,0,0,0
100,0,0,0,0,0,0,0
570,0,0,0,0,0,0,0
25,0,0,0,0,0,0,0
100,0,0,0,0,0,0,0
25,0,0,0,0,0,0,0
570,0,0,0,0,0,0,0
100,0,0,0,0,0,0,0
10,26,6,5.78,0,0,6,0
15,0,0,0,0,0,0,0
15,0,0,0,0,0,0,0
10,63,3,7.69,0,0,3,0
300,0,0,0,0,0,0,0
200,0,0,0,0,0,0,0
150,0,0,0,0,0,0,0
100,0,0,0,0,0,0,0
300,0,0,0,0,0,0,0
300,0,0,0,0,0,0,0
250,"1,980,562","330,359",1788.44,"318,990",25.99,"23,958",1520.415
300,0,0,0,0,0,0,0
150,0,0,0,0,0,0,0
250,0,0,0,0,0,0,0
150,0,0,0,0,0,0,0
250,0,0,0,0,0,0,0
300,0,0,0,0,0,0,0
180,0,0,0,0,0,0,0
65,0,0,0,0,0,0,0
100,0,0,0,0,0,0,0
1,0,0,0,0,0,0,0
100,0,0,0,0,0,0,0
180,0,0,0,0,0,0,0
100,0,0,0,0,0,0,0
1,0,0,0,0,0,0,0
100,0,0,0,0,0,0,0
1,0,0,0,0,0,0,0
100,"565,229","67,530",446.46,"60,344",0,"9,266",0
570,0,0,0,0,0,0,0
100,0,0,0,0,0,0,0
25,0,0,0,0,0,0,0
200,0,0,0,0,0,0,0
61.37142857,"416,327","15,786",311.7127543,"7,980",4,"7,971",360
61.37142857,"187,552","14,077",317.4856114,"10,552",12.67,"3,728",1140.3
61.37142857,"197,841","11,107",284.2370514,"6,510",10.03,"4,689",902.7
61.37142857,"128,197","6,964",260.4388114,"3,219",11,"3,834",990
61.37142857,"64,473","7,586",34.28729143,"7,285",2.98,700,268.2
61.37142857,"135,242","13,803",166.3804114,"11,781",9,"2,304",810
61.37142857,"93,531","11,597",71.92993143,"10,738",3,"1,194",270
61.37142857,"117,785","16,789",92.81331429,"16,095",4.99,"1,423",449.1
61.37142857,"175,157","11,903",332.9728229,"7,171",13,"4,864",1170
61.37142857,"87,585","5,296",253.1792343,"1,938",9.97,"3,426",897.3
61.37142857,"84,563","11,862",83.46782857,"11,097",5,"1,048",450
61.37142857,"93,195","12,464",118.7119771,"11,765",2,"1,105",180
61.37142857,"161,595","10,856",366.94928,"6,922",13,"4,075",1170
4.420571429,"6,168",648,30.02507429,0,31,648,2790
4.420571429,"5,591",543,15.27011429,0,1,543,90
4.420571429,"1,089",183,9.678205714,0,1,183,90
4.420571429,"1,442",133,5.350914286,0,0,133,0
4.420571429,"6,891",787,21.90502857,0,1,787,90
4.420571429,"5,668",588,10.97552,0,0,588,0
4.420571429,634,95,3.735794286,0,1,95,90
4.420571429,"6,695",750,25.31331429,0,0,750,0
4.420571429,"5,419",538,12.62169143,0,0,538,0
4.420571429,"4,660",680,12.01886857,0,1,680,90
4.420571429,"1,970",306,9.200845714,0,1,306,90
4.420571429,"5,787",610,18.73084571,0,0,610,0
4.420571429,"3,478",514,11.77084571,0,1,514,90
6.152,"9,521",235,53.88566857,0,0,235,0
6.152,0,0,0,0,0,0,0
6.152,"8,398",245,48.61782857,0,0,245,0
6.152,"1,325",55,10.5804,0,0,55,0
6.152,"7,762",242,52.08692571,0,0,242,0
6.152,0,0,0,0,0,0,0
6.152,"7,300",266,48.25002286,0,0,266,0
6.152,"7,582",209,40.90026286,0,0,209,0
6.152,"8,779",248,40.54470857,0,0,248,0
6.152,"9,098",287,50.60569143,0,0,287,0
6.152,"7,641",234,34.35523429,0,0,234,0
6.152,0,0,0,0,0,0,0
6.152,0,0,0,0,0,0,0
6.152,0,0,0,0,0,0,0
15.26971429,"167,406","8,183",144.4967771,0,4,"8,183",360
15.26971429,"146,066","6,796",150.3474514,0,1,"6,796",90
15.26971429,"181,896","8,638",129.1341371,0,7,"8,638",630
15.26971429,"154,241","7,699",128.1464229,0,2,"7,699",180
15.26971429,"26,378","1,224",41.23820571,0,2,"1,224",180
15.26971429,"143,582","7,681",147.0581257,0,6,"7,681",540
15.26971429,"126,781","6,380",125.69416,0,6,"6,380",540
15.26971429,"169,908","8,181",117.8546743,0,4,"8,181",360
15.26971429,"54,701","2,324",76.77915429,0,6,"2,324",540
15.26971429,"59,640","2,918",69.20987429,0,0,"2,918",0
15.26971429,"72,323","3,620",67.72132571,0,4,"3,620",360
15.26971429,"21,574",903,15.41312,0,0,903,0
15.26971429,"120,519","5,321",165.5816914,0,3,"5,321",270
61.37142857,"15,615",903,38.21137143,257,2.7,655,243
4.420571429,"4,730",505,13.40843429,0,0,505,0
13.62742857,"219,661","122,675",77.50869714,"122,675",0,260,0
13.62742857,"238,680","130,838",81.29258286,"130,838",0,301,0
13.62742857,"249,017","136,073",80.86857143,"136,073",0,302,0
13.62742857,"208,559","114,024",80.09746286,"114,024",0,208,0
13.62742857,"39,978","20,841",16.45736,"20,841",0,41,0
13.62742857,"247,058","143,308",83.62124571,"143,308",0,271,0
13.62742857,"193,293","109,189",80.55132571,"109,189",0,193,0
13.62742857,"156,967","88,949",46.96422857,"88,949",0,215,0
13.62742857,"250,457","146,301",81.88347429,"146,301",0,325,0
13.62742857,"219,939","120,624",78.85387429,"120,624",0,268,0
13.62742857,"216,777","130,157",85.13909714,"130,157",0,275,0
13.62742857,"198,169","107,053",77.52882286,"107,053",0,261,0
15.26971429,"91,944","4,628",96.66876571,0,4,"4,628",360
13.62742857,"185,502","114,366",83.13994286,"114,366",1,244,90
13.62742857,"190,300","109,046",80.44181714,"109,046",0,214,0
30.94971429,"289,299","22,144",176.4224914,"14,175",0,"9,828",0
30.94971429,"180,350","9,766",192.99672,"3,052",0,"7,236",0
9.714285714,"10,222",245,14.17296,0,1,245,90
9.714285714,"13,841",432,32.39246857,0,2,432,180
9.714285714,"4,619",138,9.041382857,0,1,138,90
30.94971429,0,0,0,0,0,0,0
20.57142857,"3,188",735,47.32157714,0,25,735,2250
30.94971429,"142,999","9,036",132.2900343,"1,794",0,"7,328",0
30.94971429,0,0,0,0,0,0,0
9.714285714,"18,666",732,29.35601143,0,0,732,0
20.57142857,"2,607",576,43.62464,0,11,576,990
9.714285714,"13,727",534,19.37732571,0,2,534,180
30.94971429,"39,696","1,898",57.19249143,350,0,"1,665",0
20.57142857,"2,779",592,50.64342857,0,12.97,592,1167.3
30.94971429,"252,757","16,354",271.5067886,600,1,"15,816",90
9.714285714,"11,046",296,26.18694857,0,1,296,90
20.57142857,"1,648",371,24.72272,0,16,371,1440
30.94971429,"171,029","10,178",130.3544686,402,1,"9,788",90
20.57142857,"1,516",378,20.07698286,0,11,378,990
9.714285714,"14,605",558,27.73433143,0,1.33,558,119.7
9.714285714,"16,925",838,15.27507429,0,2,838,180
9.714285714,"16,013",783,16.17163429,0,1,783,90
20.57142857,"2,133",440,26.55891429,0,11,440,990
20.57142857,524,122,5.89152,0,1,122,90
30.94971429,0,0,0,0,0,0,0
30.94971429,"341,522","29,574",198.8574514,"20,986",0,"9,378",0
9.714285714,"3,401",103,6.125714286,0,0,103,0
30.94971429,"297,192","15,237",279.8652229,"5,821",0,"10,342",0
20.57142857,"3,578",889,66.35225143,0,23.67,889,2130.3
9.714285714,"17,607",859,14.01345143,0,0,859,0
20.57142857,"2,334",527,35.61302857,0,6,527,540
30.94971429,0,0,0,0,0,0,0
9.714285714,"13,750",560,13.84173714,0,1,560,90
20.57142857,"3,582",842,64.69582857,0,22,842,1980
20.57142857,"3,533",700,59.74491429,0,10,700,900
20.57142857,"3,557",819,90.22262857,0,29,819,2610
30.94971429,0,0,0,0,0,0,0
30.94971429,"303,669","18,223",200.5247314,"13,537",0,"9,384",0
9.714285714,"13,757",502,24.84405714,0,2.33,502,209.7
20.57142857,"2,756",634,26.66691429,0,8.33,634,749.7
20.57142857,"3,110",650,75.52843429,0,17,650,1530
9.714285714,"11,885",432,7.57288,0,1,432,90
